Disease,IndexSNP_riskAllele,SNP,chr,pos,PICS_probability,Annotation,nearestGene,eQTL,eQTLdirection,topEnhancer,inferior_temporal_lobe,angular_gyrus,mid_frontal_lobe,cingulate_gyrus,substantia_nigra,anterior_caudate,hippocampus_middle,CD25-_CD45RA+_naive,CD25-_CD45RO+_mem,CD25+_CD127-_Treg,CD25-_IL17-_Th_stim_MACS,CD25-_IL17+_Th17_stim,Th0,Th1,Th2,CD45RA_CD8,CD45RO_CD8,adult_CD14,adult_CD20,GM12878,B_Cell_Centroblast,Mobilized_CD34,K562,colonic_mucosa,Duodenum_mucosa,AdiposeNuclei,HepG2,Liver1,Pancreatic_Islets,kidney,HSMM-myotube,NH-Osteoblast,chondrogenic_dif_cells
Celiac_disease,rs4445406-T,rs10797439,chr1,2540364,0.0505,none,MMEL1,none,NA,none,0,0,0,0,0,0,0,0,0,0,0,0,0,0,0,0,0,0,0,0,0,0,0,0,0,0,0,0,0,0,0,0,0
Celiac_disease,rs4445406-T,rs10910112,chr1,2551053,0.0505,none,MMEL1,none,NA,none,0,0,0,0,0,0,0,0,0,0,0,0,0,0,0,0,0,0,0,0,0,0,0,0,0,0,0,0,0,0,0,0,0
Celiac_disease,rs4445406-T,rs4648658,chr1,2560882,0.0505,synonymous,MMEL1,none,NA,none,0,0,0,0,0,0,0,0,0,0,0,0,0,0,0,0,0,0,0,0,0,0,0,0,0,0,0,0,0,0,0,0,0
Celiac_disease,rs4445406-T,rs10910108,chr1,2539532,0.0399,none,MMEL1,none,NA,none,0,0,0,0,0,0,0,0,0,0,0,0,0,0,0,0,0,0,0,0,0,0,0,0,0,0,0,0,0,0,0,0,0
Celiac_disease,rs4445406-T,rs4648654,chr1,2553083,0.032,none,MMEL1,none,NA,none,0,0,0,0,0,0,0,0,0,0,0,0,0,0,0,0,0,0,0,0,0,0,0,0,0,0,0,0,0,0,0,0,0
Celiac_disease,rs4445406-T,rs10797440,chr1,2541269,0.0289,synonymous,MMEL1,none,NA,none,0,0,0,0,0,0,0,0,0,0,0,0,0,0,0,0,0,0,0,0,0,0,0,0,0,0,0,0,0,0,0,0,0
Celiac_disease,rs4445406-T,rs6673993,chr1,2552071,0.0283,none,MMEL1,none,NA,none,0,0,0,0,0,0,0,0,0,0,0,0,0,0,0,0,0,0,0,0,0,0,0,0,0,0,0,0,0,0,0,0,0
Celiac_disease,rs9658012,rs9658012,chr1,7989022,0.0926,none,TNFRSF9,none,NA,CD25+_CD127-_Treg,0,0,0,0,0,0,0,0,0,1,1,1,1,0,1,1,0,0,0,0,1,0,0,0,0,0,0,0,0,0,0,0,0
Celiac_disease,rs9658012,rs7545687,chr1,7997183,0.0673,none,TNFRSF9,none,NA,CD25+_CD127-_Treg,0,0,0,0,0,0,0,0,0,1,1,1,1,1,1,1,1,0,0,0,0,1,0,0,0,0,0,0,0,0,0,0,0
Celiac_disease,rs9658012,rs17229081,chr1,7982816,0.0512,none,TNFRSF9,none,NA,NH-Osteoblast,0,0,0,0,0,0,0,0,0,1,0,0,1,1,1,0,0,0,0,0,1,1,1,0,0,0,0,0,0,0,1,1,1
Celiac_disease,rs9658012,rs34124834,chr1,8028930,0.0375,none,PARK7,none,NA,none,0,0,0,0,0,0,0,0,0,0,0,0,0,0,0,0,0,0,0,0,0,0,0,0,0,0,0,0,0,0,0,0,0
Celiac_disease,rs9658012,rs12727642,chr1,8046672,0.036,none,none,none,NA,mid_frontal_lobe,1,1,1,1,1,1,1,0,1,1,1,0,1,0,0,0,0,1,1,1,1,1,1,1,1,0,1,1,1,1,1,1,0
Celiac_disease,rs9658012,rs2641116,chr1,8029494,0.0298,none,PARK7,none,NA,none,0,0,0,0,0,0,0,0,0,0,0,0,0,0,0,0,0,0,0,0,0,0,0,0,0,0,0,0,0,0,0,0,0
Celiac_disease,rs12068671-T,rs12068671,chr1,172681031,0.1259,none,none,none,NA,none,0,0,0,0,0,0,0,0,0,0,0,0,0,0,0,0,0,0,0,0,0,0,0,0,0,0,0,0,0,0,0,0,0
Celiac_disease,rs12068671-T,rs10912280,chr1,172679129,0.1259,none,none,none,NA,CD25-_IL17-_Th_stim_MACS,0,0,0,0,0,0,0,0,0,0,1,1,1,1,0,0,1,0,0,0,0,0,1,0,0,0,0,0,0,0,0,0,0
Celiac_disease,rs12068671-T,rs10912292,chr1,172679704,0.1259,none,none,none,NA,none,0,0,0,0,0,0,0,0,0,0,0,0,0,0,0,0,0,0,0,0,0,0,0,0,0,0,0,0,0,0,0,0,0
Celiac_disease,rs12068671-T,rs12122581,chr1,172679759,0.1259,none,none,none,NA,none,0,0,0,0,0,0,0,0,0,0,0,0,0,0,0,0,0,0,0,0,0,0,0,0,0,0,0,0,0,0,0,0,0
Celiac_disease,rs12068671-T,rs7553067,chr1,172674541,0.0867,none,none,none,NA,none,0,0,0,0,0,0,0,0,0,0,0,0,0,0,0,0,0,0,0,0,0,0,0,0,0,0,0,0,0,0,0,0,0
Celiac_disease,rs12068671-T,rs10912267,chr1,172674776,0.0641,none,none,none,NA,none,0,0,0,0,0,0,0,0,0,0,0,0,0,0,0,0,0,0,0,0,0,0,0,0,0,0,0,0,0,0,0,0,0
Celiac_disease,rs12068671-T,rs10912301,chr1,172681569,0.0408,none,none,none,NA,none,0,0,0,0,0,0,0,0,0,0,0,0,0,0,0,0,0,0,0,0,0,0,0,0,0,0,0,0,0,0,0,0,0
Celiac_disease,rs12068671-T,rs2157477,chr1,172682072,0.0403,none,none,none,NA,none,0,0,0,0,0,0,0,0,0,0,0,0,0,0,0,0,0,0,0,0,0,0,0,0,0,0,0,0,0,0,0,0,0
Celiac_disease,rs12068671-T,rs10912295,chr1,172679935,0.0345,none,none,none,NA,none,0,0,0,0,0,0,0,0,0,0,0,0,0,0,0,0,0,0,0,0,0,0,0,0,0,0,0,0,0,0,0,0,0
Celiac_disease,rs12068671-T,rs859672,chr1,172674554,0.0331,none,none,none,NA,none,0,0,0,0,0,0,0,0,0,0,0,0,0,0,0,0,0,0,0,0,0,0,0,0,0,0,0,0,0,0,0,0,0
Celiac_disease,rs12068671-T,rs12118303,chr1,172675097,0.0277,none,none,none,NA,none,0,0,0,0,0,0,0,0,0,0,0,0,0,0,0,0,0,0,0,0,0,0,0,0,0,0,0,0,0,0,0,0,0
Celiac_disease,rs1359062-C,rs1359062,chr1,192541472,0.214,none,none,none,NA,CD25+_CD127-_Treg,0,0,0,0,0,0,0,1,1,1,1,1,1,1,1,1,1,1,1,0,0,0,0,1,1,0,0,0,0,0,1,0,0
Celiac_disease,rs1359062-C,rs1323292,chr1,192541021,0.0922,none,none,none,NA,CD25+_CD127-_Treg,0,0,0,0,0,0,0,1,1,1,1,1,1,1,1,1,1,1,1,0,0,0,0,1,1,0,0,0,0,0,1,0,0
Celiac_disease,rs1359062-C,rs2816316,chr1,192536813,0.066,none,none,none,NA,none,0,0,0,0,0,0,0,0,0,0,0,0,0,0,0,0,0,0,0,0,0,0,0,0,0,0,0,0,0,0,0,0,0
Celiac_disease,rs1359062-C,rs2760528,chr1,192536785,0.0657,none,none,none,NA,Th1,0,0,0,0,0,0,0,0,1,1,1,1,1,1,1,1,1,0,1,0,1,0,0,0,0,0,0,0,0,1,1,0,0
Celiac_disease,rs1359062-C,rs1323297,chr1,192537400,0.0657,none,none,none,NA,none,0,0,0,0,0,0,0,0,0,0,0,0,0,0,0,0,0,0,0,0,0,0,0,0,0,0,0,0,0,0,0,0,0
Celiac_disease,rs1359062-C,rs2816317,chr1,192536385,0.0588,none,none,none,NA,Th1,0,0,0,0,0,0,0,0,1,1,1,1,1,1,1,1,1,0,1,0,1,0,0,0,0,0,0,0,0,1,1,0,0
Celiac_disease,rs1359062-C,rs4636437,chr1,192536451,0.0532,none,none,none,NA,Th1,0,0,0,0,0,0,0,0,1,1,1,1,1,1,1,1,1,0,1,0,1,0,0,0,0,0,0,0,0,1,1,0,0
Celiac_disease,rs1359062-C,rs2760527,chr1,192536758,0.0512,none,none,none,NA,Th1,0,0,0,0,0,0,0,0,1,1,1,1,1,1,1,1,1,0,1,0,1,0,0,0,0,0,0,0,0,1,1,0,0
Celiac_disease,rs1359062-C,rs2816315,chr1,192536886,0.0498,none,none,none,NA,none,0,0,0,0,0,0,0,0,0,0,0,0,0,0,0,0,0,0,0,0,0,0,0,0,0,0,0,0,0,0,0,0,0
Celiac_disease,rs1359062-C,rs1359063,chr1,192535553,0.0482,none,none,none,NA,Th1,0,0,0,0,0,0,0,1,1,1,1,1,1,1,1,1,1,1,1,1,0,0,0,0,0,0,0,0,0,0,1,1,0
Celiac_disease,rs1359062-C,rs1323296,chr1,192537508,0.0359,none,none,none,NA,none,0,0,0,0,0,0,0,0,0,0,0,0,0,0,0,0,0,0,0,0,0,0,0,0,0,0,0,0,0,0,0,0,0
Celiac_disease,rs10800746,rs10800746,chr1,200881392,0.2278,none,C1orf106,none,NA,Duodenum_mucosa,1,0,0,1,1,1,1,0,0,0,0,0,0,0,1,0,0,0,0,0,0,0,1,1,1,0,0,0,0,0,0,0,0
Celiac_disease,rs10800746,rs12132349,chr1,200875242,0.0772,none,C1orf106,none,NA,colonic_mucosa,0,0,0,0,0,0,0,1,0,1,1,0,1,1,1,1,0,1,1,1,0,0,0,1,1,0,1,0,0,1,1,0,1
Celiac_disease,rs10800746,rs59655222,chr1,200875897,0.0751,none,C1orf106,none,NA,colonic_mucosa,0,0,0,0,1,0,0,0,0,0,1,0,1,1,1,0,1,1,0,1,0,1,0,1,1,0,1,0,1,1,0,0,0
Celiac_disease,rs10800746,rs41299637,chr1,200877850,0.0675,none,C1orf106,none,NA,colonic_mucosa,0,0,0,0,0,0,0,0,0,0,0,1,1,0,0,0,0,0,0,1,0,0,1,1,1,0,1,0,0,1,1,0,0
Celiac_disease,rs10800746,rs12131796,chr1,200878727,0.0593,none,C1orf106,none,NA,colonic_mucosa,0,0,0,0,0,0,0,0,0,0,0,1,1,0,0,0,0,0,0,1,0,0,1,1,1,0,1,0,0,1,1,0,0
Celiac_disease,rs10800746,rs7554511,chr1,200877562,0.059,none,C1orf106,none,NA,colonic_mucosa,0,0,0,0,0,0,0,0,0,0,0,1,0,1,1,0,1,1,0,1,0,0,1,1,1,0,1,0,0,1,1,0,0
Celiac_disease,rs10800746,rs905634,chr1,200884985,0.0555,none,none,none,NA,none,0,0,0,0,0,0,0,0,0,0,0,0,0,0,0,0,0,0,0,0,0,0,0,0,0,0,0,0,0,0,0,0,0
Celiac_disease,rs10800746,rs296520,chr1,200880978,0.0457,missense,C1orf106,none,NA,Duodenum_mucosa,1,0,0,1,1,1,1,0,0,0,0,0,0,0,1,0,0,0,0,0,0,0,1,1,1,0,0,0,0,0,0,0,0
Celiac_disease,rs10800746,rs7522462,chr1,200881595,0.0326,none,C1orf106,none,NA,Duodenum_mucosa,1,0,0,1,1,1,1,0,0,0,0,0,0,0,1,0,0,0,0,0,0,0,1,1,1,0,0,0,0,0,0,0,0
Celiac_disease,rs6705577,rs6705577,chr2,43359275,0.1508,none,none,none,NA,Th0,1,1,1,1,1,1,1,1,1,1,1,1,1,1,1,1,1,1,1,1,1,1,1,1,1,1,1,1,1,1,1,1,1
Celiac_disease,rs6705577,rs12478539,chr2,43355324,0.1016,none,none,none,NA,adult_CD14,1,1,1,1,1,1,1,1,1,1,1,1,1,1,1,1,1,1,1,0,1,1,1,1,1,0,1,1,0,1,1,0,0
Celiac_disease,rs6705577,rs17405635,chr2,43355763,0.0483,none,none,none,NA,adult_CD14,1,1,1,1,1,1,1,1,1,1,1,1,1,1,1,1,1,1,1,0,1,1,1,1,1,1,1,1,1,1,0,0,0
Celiac_disease,rs6705577,rs12471190,chr2,43359127,0.0435,none,none,none,NA,Th0,1,1,1,1,1,1,1,1,1,1,1,1,1,1,1,1,1,1,1,1,1,1,1,1,1,1,1,1,1,1,1,1,1
Celiac_disease,rs6705577,rs28411734,chr2,43355519,0.0421,none,none,none,NA,adult_CD14,1,1,1,1,1,1,1,1,1,1,1,1,1,1,1,1,1,1,1,0,1,1,1,1,1,1,1,1,1,1,0,0,0
Celiac_disease,rs6705577,rs12466022,chr2,43359061,0.0387,none,none,none,NA,Th0,1,1,1,1,1,1,1,1,1,1,1,1,1,1,1,1,1,1,1,1,1,1,1,1,1,1,1,1,1,1,1,1,1
Celiac_disease,rs6705577,rs7588193,chr2,43360947,0.0377,none,none,none,NA,Th0,1,1,1,1,1,1,1,1,1,1,1,1,1,1,1,1,1,1,1,1,1,1,0,1,1,1,1,1,1,1,1,0,0
Celiac_disease,rs6705577,rs6712537,chr2,43343613,0.0357,none,none,none,NA,none,0,0,0,0,0,0,0,0,0,0,0,0,0,0,0,0,0,0,0,0,0,0,0,0,0,0,0,0,0,0,0,0,0
Celiac_disease,rs6705577,rs17030410,chr2,43356490,0.0293,none,none,none,NA,adult_CD14,1,1,1,1,1,1,1,1,1,1,1,1,1,1,1,1,1,1,1,1,1,1,1,1,1,1,1,1,1,1,1,0,0
Celiac_disease,rs13003464-G,rs13003464,chr2,61186829,0.2684,none,PUS10,none,NA,chondrogenic_dif_cells,0,0,0,0,0,0,0,1,0,1,0,1,1,1,0,0,1,1,0,1,0,0,0,1,1,1,1,0,0,0,0,1,1
Celiac_disease,rs13003464-G,rs67927699,chr2,61187415,0.2684,none,PUS10,none,NA,chondrogenic_dif_cells,0,0,0,0,0,0,0,1,0,1,0,1,1,1,0,0,1,1,0,1,0,0,0,1,1,1,1,0,0,0,0,1,1
Celiac_disease,rs13003464-G,rs7596362,chr2,61204688,0.1184,none,PUS10,none,NA,adult_CD20,0,0,0,0,0,0,0,0,0,1,1,1,0,1,1,1,1,0,1,1,1,1,0,0,1,0,1,1,1,0,0,0,1
Celiac_disease,rs13003464-G,rs7608910,chr2,61204856,0.0926,none,PUS10,none,NA,none,0,0,0,0,0,0,0,0,0,0,0,0,0,0,0,0,0,0,0,0,0,0,0,0,0,0,0,0,0,0,0,0,0
Celiac_disease,rs13003464-G,rs7608697,chr2,61204641,0.0638,none,PUS10,none,NA,adult_CD20,0,0,0,0,0,0,0,0,0,1,1,1,0,1,1,1,1,0,1,1,1,1,0,0,1,0,1,1,1,0,0,0,1
Celiac_disease,rs13003464-G,rs4560096,chr2,61204917,0.0638,none,PUS10,none,NA,none,0,0,0,0,0,0,0,0,0,0,0,0,0,0,0,0,0,0,0,0,0,0,0,0,0,0,0,0,0,0,0,0,0
Celiac_disease,rs13003464-G,rs55776317,chr2,61191995,0.0393,none,PUS10,none,NA,CD45RA_CD8,0,0,0,0,0,0,0,1,1,1,1,1,1,1,1,1,1,1,1,1,1,1,1,0,0,1,1,0,0,1,0,1,1
Celiac_disease,rs7565895,rs7565895,chr2,100774773,0.0292,none,none,none,NA,none,0,0,0,0,0,0,0,0,0,0,0,0,0,0,0,0,0,0,0,0,0,0,0,0,0,0,0,0,0,0,0,0,0
Celiac_disease,rs7565895,rs1821826,chr2,100764711,0.0292,none,none,none,NA,none,0,0,0,0,0,0,0,0,0,0,0,0,0,0,0,0,0,0,0,0,0,0,0,0,0,0,0,0,0,0,0,0,0
Celiac_disease,rs7565895,rs1821827,chr2,100764717,0.0292,none,none,none,NA,none,0,0,0,0,0,0,0,0,0,0,0,0,0,0,0,0,0,0,0,0,0,0,0,0,0,0,0,0,0,0,0,0,0
Celiac_disease,rs7565895,rs2009095,chr2,100765081,0.0292,none,none,none,NA,none,0,0,0,0,0,0,0,0,0,0,0,0,0,0,0,0,0,0,0,0,0,0,0,0,0,0,0,0,0,0,0,0,0
Celiac_disease,rs7565895,rs11899489,chr2,100766253,0.0292,none,none,none,NA,none,0,0,0,0,0,0,0,0,0,0,0,0,0,0,0,0,0,0,0,0,0,0,0,0,0,0,0,0,0,0,0,0,0
Celiac_disease,rs7565895,rs4490209,chr2,100766711,0.0292,none,none,none,NA,none,0,0,0,0,0,0,0,0,0,0,0,0,0,0,0,0,0,0,0,0,0,0,0,0,0,0,0,0,0,0,0,0,0
Celiac_disease,rs7565895,rs4499444,chr2,100773609,0.0292,none,none,none,NA,none,0,0,0,0,0,0,0,0,0,0,0,0,0,0,0,0,0,0,0,0,0,0,0,0,0,0,0,0,0,0,0,0,0
Celiac_disease,rs990171-C,rs990171,chr2,103086770,0.0435,none,none,none,NA,none,0,0,0,0,0,0,0,0,0,0,0,0,0,0,0,0,0,0,0,0,0,0,0,0,0,0,0,0,0,0,0,0,0
Celiac_disease,rs990171-C,rs11123931,chr2,103085660,0.0435,none,none,none,NA,none,0,0,0,0,0,0,0,0,0,0,0,0,0,0,0,0,0,0,0,0,0,0,0,0,0,0,0,0,0,0,0,0,0
Celiac_disease,rs990171-C,rs6717915,chr2,103079619,0.0373,none,none,none,NA,none,0,0,0,0,0,0,0,0,0,0,0,0,0,0,0,0,0,0,0,0,0,0,0,0,0,0,0,0,0,0,0,0,0
Celiac_disease,rs990171-C,rs917996,chr2,103082273,0.0346,none,none,none,NA,none,0,0,0,0,0,0,0,0,0,0,0,0,0,0,0,0,0,0,0,0,0,0,0,0,0,0,0,0,0,0,0,0,0
Celiac_disease,rs990171-C,rs1403554,chr2,103083453,0.0346,none,none,none,NA,none,0,0,0,0,0,0,0,0,0,0,0,0,0,0,0,0,0,0,0,0,0,0,0,0,0,0,0,0,0,0,0,0,0
Celiac_disease,rs990171-C,rs1468791,chr2,103092021,0.0343,none,SLC9A4,none,NA,none,0,0,0,0,0,0,0,0,0,0,0,0,0,0,0,0,0,0,0,0,0,0,0,0,0,0,0,0,0,0,0,0,0
Celiac_disease,rs990171-C,rs4241210,chr2,103078740,0.0335,none,none,none,NA,none,0,0,0,0,0,0,0,0,0,0,0,0,0,0,0,0,0,0,0,0,0,0,0,0,0,0,0,0,0,0,0,0,0
Celiac_disease,rs990171-C,rs6543137,chr2,103065908,0.0333,none,IL18RAP,none,NA,none,0,0,0,0,0,0,0,0,0,0,0,0,0,0,0,0,0,0,0,0,0,0,0,0,0,0,0,0,0,0,0,0,0
Celiac_disease,rs990171-C,rs6720564,chr2,103079297,0.033,none,none,none,NA,none,0,0,0,0,0,0,0,0,0,0,0,0,0,0,0,0,0,0,0,0,0,0,0,0,0,0,0,0,0,0,0,0,0
Celiac_disease,rs990171-C,rs10165460,chr2,103085631,0.032,none,none,none,NA,none,0,0,0,0,0,0,0,0,0,0,0,0,0,0,0,0,0,0,0,0,0,0,0,0,0,0,0,0,0,0,0,0,0
Celiac_disease,rs990171-C,rs10197881,chr2,103091715,0.0288,none,SLC9A4,none,NA,none,0,0,0,0,0,0,0,0,0,0,0,0,0,0,0,0,0,0,0,0,0,0,0,0,0,0,0,0,0,0,0,0,0
Celiac_disease,rs990171-C,rs7559479,chr2,103068787,0.0284,utr3,IL18RAP,none,NA,none,0,0,0,0,0,0,0,0,0,0,0,0,0,0,0,0,0,0,0,0,0,0,0,0,0,0,0,0,0,0,0,0,0
Celiac_disease,rs1018326-C,rs1018326,chr2,182007800,0.1285,none,AK125001,none,NA,CD45RA_CD8,0,0,0,0,0,0,0,1,1,1,1,1,1,1,1,1,1,0,1,1,1,0,0,1,1,0,1,1,0,0,0,0,0
Celiac_disease,rs1018326-C,rs6744620,chr2,182008302,0.1285,none,AK125001,none,NA,CD45RA_CD8,0,0,0,0,0,0,0,1,1,1,1,1,1,1,1,1,1,0,0,1,0,1,0,0,1,0,1,1,0,0,0,0,0
Celiac_disease,rs1018326-C,rs13405121,chr2,182019687,0.0767,none,AK125001,none,NA,none,0,0,0,0,0,0,0,0,0,0,0,0,0,0,0,0,0,0,0,0,0,0,0,0,0,0,0,0,0,0,0,0,0
Celiac_disease,rs1018326-C,rs4667083,chr2,182000046,0.039,none,AK125001,none,NA,none,0,0,0,0,0,0,0,0,0,0,0,0,0,0,0,0,0,0,0,0,0,0,0,0,0,0,0,0,0,0,0,0,0
Celiac_disease,rs1018326-C,rs6735551,chr2,182039477,0.0343,none,AK125001,none,NA,CD45RO_CD8,0,0,0,0,0,0,0,1,1,1,1,1,0,1,0,1,1,0,1,1,1,0,0,0,1,0,0,0,0,0,1,0,1
Celiac_disease,rs1018326-C,rs12615545,chr2,182048452,0.033,none,AK125001,none,NA,none,0,0,0,0,0,0,0,0,0,0,0,0,0,0,0,0,0,0,0,0,0,0,0,0,0,0,0,0,0,0,0,0,0
Celiac_disease,rs1018326-C,rs56987708,chr2,182024131,0.0287,none,AK125001,none,NA,none,0,0,0,0,0,0,0,0,0,0,0,0,0,0,0,0,0,0,0,0,0,0,0,0,0,0,0,0,0,0,0,0,0
Celiac_disease,rs6715106-A,rs6715106,chr2,191913034,0.1945,none,STAT4,none,NA,NH-Osteoblast,0,0,0,0,0,0,0,1,0,1,0,1,1,1,0,1,0,0,0,0,1,1,0,0,0,1,0,0,1,0,1,1,1
Celiac_disease,rs6715106-A,rs1400656,chr2,191935033,0.145,none,STAT4,none,NA,CD25-_CD45RA+_naive,0,0,0,0,0,0,0,1,1,1,1,1,1,1,1,1,1,0,1,0,0,1,0,0,0,0,1,0,0,0,0,0,0
Celiac_disease,rs6715106-A,rs3771327,chr2,191920771,0.095,none,STAT4,none,NA,CD25-_IL17-_Th_stim_MACS,0,0,0,0,0,0,0,1,1,1,1,1,1,1,1,1,1,1,0,0,0,1,0,0,0,0,0,0,0,0,0,0,0
Celiac_disease,rs6715106-A,rs6749371,chr2,191902184,0.0729,none,STAT4,none,NA,CD25-_CD45RO+_mem,0,0,0,0,0,0,0,1,1,1,1,1,0,1,1,1,1,0,1,1,1,0,0,0,0,1,1,0,0,0,1,1,1
Celiac_disease,rs6715106-A,rs11686127,chr2,191918031,0.0717,none,STAT4,none,NA,CD25-_CD45RA+_naive,1,1,1,1,0,0,0,1,1,1,1,1,1,1,1,1,1,0,1,0,1,0,1,0,0,0,0,1,1,0,0,1,1
Celiac_disease,rs6715106-A,rs3771326,chr2,191915738,0.0601,none,STAT4,none,NA,NH-Osteoblast,1,1,0,0,1,0,1,1,1,1,1,1,1,1,1,1,1,1,0,0,0,0,0,1,1,1,1,1,1,0,1,1,1
Celiac_disease,rs6715106-A,rs11676659,chr2,191919354,0.0601,none,STAT4,none,NA,none,0,0,0,0,0,0,0,0,0,0,0,0,0,0,0,0,0,0,0,0,0,0,0,0,0,0,0,0,0,0,0,0,0
Celiac_disease,rs6715106-A,rs7601754,chr2,191940451,0.0557,none,STAT4,none,NA,CD25-_IL17-_Th_stim_MACS,0,0,0,0,0,0,0,1,1,1,1,1,0,1,0,1,1,0,0,0,1,0,0,0,0,1,0,0,0,0,0,0,1
Celiac_disease,rs6715106-A,rs1400654,chr2,191915673,0.0452,none,STAT4,none,NA,NH-Osteoblast,1,1,0,0,1,0,1,1,1,1,1,1,1,1,1,1,1,1,0,0,0,0,0,1,1,1,1,1,1,0,1,1,1
Celiac_disease,rs6715106-A,rs1400655,chr2,191915715,0.0452,none,STAT4,none,NA,NH-Osteoblast,1,1,0,0,1,0,1,1,1,1,1,1,1,1,1,1,1,1,0,0,0,0,0,1,1,1,1,1,1,0,1,1,1
Celiac_disease,rs6715106-A,rs4853541,chr2,191920322,0.0452,none,STAT4,none,NA,none,0,0,0,0,0,0,0,0,0,0,0,0,0,0,0,0,0,0,0,0,0,0,0,0,0,0,0,0,0,0,0,0,0
Celiac_disease,rs6715106-A,rs13401064,chr2,191970330,0.0318,none,STAT4,none,NA,none,0,0,0,0,0,0,0,0,0,0,0,0,0,0,0,0,0,0,0,0,0,0,0,0,0,0,0,0,0,0,0,0,0
Celiac_disease,rs1980422-T,rs1980422,chr2,204610396,0.2023,none,none,none,NA,Th2,0,0,0,0,0,0,0,1,1,1,1,1,1,1,1,0,0,0,0,1,1,0,0,1,0,0,1,0,0,0,1,1,0
Celiac_disease,rs1980422-T,rs1980421,chr2,204610004,0.2023,none,none,none,NA,Th2,0,0,0,0,0,0,0,1,1,1,1,1,1,1,1,1,0,0,0,0,1,0,0,0,0,0,0,0,0,0,1,1,1
Celiac_disease,rs1980422-T,rs7422494,chr2,204611807,0.115,none,none,none,NA,Th2,0,0,0,0,0,0,0,1,1,1,1,1,1,1,1,1,1,0,0,0,1,0,0,0,0,0,1,0,0,0,1,1,0
Celiac_disease,rs1980422-T,rs7588874,chr2,204614508,0.115,none,none,none,NA,Th2,0,0,0,0,0,0,0,1,1,1,1,1,1,1,1,1,1,0,0,0,1,0,0,0,0,0,0,0,0,0,0,0,0
Celiac_disease,rs1980422-T,rs7426056,chr2,204612058,0.1094,none,none,none,NA,Th2,0,0,0,0,0,0,0,1,1,1,1,1,1,1,1,1,1,0,0,0,1,0,0,0,0,0,1,0,0,0,1,1,0
Celiac_disease,rs1980422-T,rs2162610,chr2,204718729,0.0712,none,none,none,NA,CD25-_IL17+_Th17_stim,0,0,0,0,0,0,0,1,1,1,1,1,1,1,1,0,1,0,0,0,0,1,0,1,1,1,0,1,0,0,0,0,0
Celiac_disease,rs1980422-T,rs67895606,chr2,204615889,0.048,none,none,none,NA,CD25+_CD127-_Treg,0,0,0,0,0,0,0,1,1,1,1,1,1,1,1,0,1,0,0,0,0,0,0,0,1,0,0,0,0,0,0,0,0
Celiac_disease,rs4678523-C,rs4678523,chr3,33037721,0.27,none,none,none,NA,Th0,0,0,1,0,0,0,0,0,1,1,1,1,1,1,1,1,0,1,1,1,0,1,1,0,0,0,1,0,1,0,1,0,0
Celiac_disease,rs4678523-C,rs4678524,chr3,33037752,0.1969,none,none,none,NA,Th0,0,0,1,0,0,0,0,0,1,1,1,1,1,1,1,1,0,1,1,1,0,1,1,0,0,0,1,0,1,0,1,0,0
Celiac_disease,rs4678523-C,rs7631407,chr3,33036218,0.1018,none,none,none,NA,CD25+_CD127-_Treg,0,0,0,0,1,0,0,1,1,1,1,1,1,1,1,0,0,1,0,0,0,1,1,0,0,1,0,0,0,0,1,0,0
Celiac_disease,rs4678523-C,rs6764245,chr3,33019374,0.0934,none,none,none,NA,CD25+_CD127-_Treg,0,0,0,0,0,0,0,1,1,1,1,1,1,0,1,1,1,0,0,0,1,0,1,0,0,0,1,0,0,0,0,0,0
Celiac_disease,rs4678523-C,rs34064757,chr3,33047283,0.0666,none,GLB1,none,NA,CD25+_CD127-_Treg,0,0,0,0,0,0,0,1,1,1,1,1,1,1,1,1,0,1,1,0,0,0,1,0,0,0,1,1,0,0,0,0,0
Celiac_disease,rs4678523-C,rs7646283,chr3,33046480,0.0619,none,GLB1,none,NA,CD25-_IL17+_Th17_stim,0,0,0,0,0,0,0,0,1,1,1,1,1,1,1,0,0,1,0,1,1,1,1,0,0,1,1,1,0,0,0,0,0
Celiac_disease,rs4678523-C,rs35570272,chr3,33047662,0.0448,none,GLB1,none,NA,CD25+_CD127-_Treg,0,0,0,0,0,0,0,1,1,1,1,1,1,1,1,1,0,1,1,0,0,0,1,0,0,0,1,1,0,0,0,0,0
Celiac_disease,rs2097282-T,rs2097282,chr3,46378025,0.0687,none,none,none,NA,none,0,0,0,0,0,0,0,0,0,0,0,0,0,0,0,0,0,0,0,0,0,0,0,0,0,0,0,0,0,0,0,0,0
Celiac_disease,rs2097282-T,rs3918358,chr3,46394419,0.0372,none,none,none,NA,CD25-_IL17+_Th17_stim,0,0,0,0,0,0,0,1,1,1,1,1,1,1,1,1,1,1,1,1,0,0,1,1,1,0,0,0,0,0,0,0,0
Celiac_disease,rs2097282-T,rs36030342,chr3,46360055,0.0351,none,none,none,NA,adult_CD14,0,0,0,0,0,0,0,0,0,0,0,0,1,1,0,1,0,1,1,0,0,0,1,0,0,0,0,0,0,0,0,0,0
Celiac_disease,rs2097282-T,rs6441972,chr3,46391390,0.0346,none,none,none,NA,GM12878,0,0,0,0,0,0,0,1,1,1,1,1,1,1,1,1,1,1,1,1,1,1,0,1,1,0,0,1,0,1,0,0,0
Celiac_disease,rs2097282-T,rs7626249,chr3,46363910,0.0343,none,none,none,NA,adult_CD14,0,0,0,0,0,0,1,0,0,0,0,0,1,1,1,1,0,1,1,1,1,0,0,0,0,0,0,1,0,0,0,0,0
Celiac_disease,rs2097282-T,rs963045,chr3,46364676,0.0339,none,none,none,NA,adult_CD14,0,0,0,0,0,0,0,0,0,1,0,0,0,1,1,1,0,1,1,1,0,0,0,1,0,0,1,0,0,0,0,0,0
Celiac_disease,rs2097282-T,rs3138042,chr3,46401032,0.031,none,CCR2,none,NA,adult_CD14,1,1,1,1,1,1,1,0,1,1,1,1,1,1,1,1,1,1,1,1,0,1,1,1,1,1,1,0,0,1,1,0,1
Celiac_disease,rs2097282-T,rs34505903,chr3,46363186,0.03,none,none,none,NA,adult_CD14,0,0,0,0,1,1,1,1,1,0,0,0,1,0,0,1,1,1,1,1,1,1,0,1,0,1,0,1,0,0,0,0,0
Celiac_disease,rs2097282-T,rs6788723,chr3,46357560,0.0299,none,none,none,NA,adult_CD14,0,0,0,0,1,0,1,0,0,1,0,0,1,1,1,1,0,1,1,1,1,1,0,1,0,1,0,1,0,0,0,0,1
Celiac_disease,rs2097282-T,rs34148191,chr3,46361193,0.0299,none,none,none,NA,adult_CD14,0,0,0,0,0,0,0,0,0,1,0,0,0,0,0,0,0,1,1,0,0,0,0,0,0,0,0,0,0,0,0,0,0
Celiac_disease,rs2097282-T,rs34193387,chr3,46362332,0.0298,none,none,none,NA,adult_CD14,0,0,0,0,0,0,0,0,0,0,0,0,0,0,1,1,0,1,1,1,1,0,0,0,0,0,0,0,0,0,0,0,0
Celiac_disease,rs2097282-T,rs35675823,chr3,46364608,0.0284,none,none,none,NA,adult_CD14,0,0,0,0,0,0,0,0,0,1,0,0,0,1,1,1,0,1,1,1,0,0,0,1,0,0,1,0,0,0,0,0,0
Celiac_disease,rs2097282-T,rs62244840,chr3,46367010,0.0275,none,none,none,NA,none,0,0,0,0,0,0,0,0,0,0,0,0,0,0,0,0,0,0,0,0,0,0,0,0,0,0,0,0,0,0,0,0,0
Celiac_disease,rs61579022-A,rs61579022,chr3,119123278,0.2125,none,ARHGAP31,none,NA,none,0,0,0,0,0,0,0,0,0,0,0,0,0,0,0,0,0,0,0,0,0,0,0,0,0,0,0,0,0,0,0,0,0
Celiac_disease,rs61579022-A,rs716650,chr3,119119536,0.2125,none,ARHGAP31,none,NA,GM12878,0,0,0,0,0,0,0,1,0,1,1,0,1,1,1,0,0,1,1,1,1,0,0,0,1,0,0,0,0,0,0,0,1
Celiac_disease,rs61579022-A,rs11712165,chr3,119118796,0.1841,none,ARHGAP31,none,NA,GM12878,0,0,0,0,0,0,0,0,0,1,1,1,0,0,1,1,1,1,0,1,1,0,0,0,1,1,0,0,0,0,1,0,0
Celiac_disease,rs61579022-A,rs62266701,chr3,119118461,0.1264,none,ARHGAP31,none,NA,none,0,0,0,0,0,0,0,0,0,0,0,0,0,0,0,0,0,0,0,0,0,0,0,0,0,0,0,0,0,0,0,0,0
Celiac_disease,rs61579022-A,rs10511390,chr3,119120577,0.0832,none,ARHGAP31,none,NA,GM12878,0,0,0,0,0,0,0,0,0,1,0,0,0,1,1,0,1,0,1,1,1,0,0,1,0,0,0,0,1,0,0,0,0
Celiac_disease,rs61579022-A,rs11718522,chr3,119126012,0.0785,none,ARHGAP31,none,NA,none,0,0,0,0,0,0,0,0,0,0,0,0,0,0,0,0,0,0,0,0,0,0,0,0,0,0,0,0,0,0,0,0,0
Celiac_disease,rs61579022-A,rs11715698,chr3,119118497,0.0729,none,ARHGAP31,none,NA,none,0,0,0,0,0,0,0,0,0,0,0,0,0,0,0,0,0,0,0,0,0,0,0,0,0,0,0,0,0,0,0,0,0
Celiac_disease,rs76830965,rs76830965,chr3,159637678,0.4236,none,AK097161,none,NA,GM12878,0,0,0,0,0,0,0,0,1,0,0,0,0,0,0,0,1,1,1,1,1,0,0,0,0,0,0,0,0,0,1,1,1
Celiac_disease,rs76830965,rs17753641,chr3,159647674,0.2527,none,AK097161,none,NA,NH-Osteoblast,1,1,1,1,1,1,1,1,0,1,1,0,1,1,1,0,1,1,1,1,1,1,0,1,1,1,1,1,1,1,1,1,1
Celiac_disease,rs76830965,rs17810546,chr3,159665050,0.2313,none,AK097161,none,NA,NH-Osteoblast,0,0,0,0,0,0,0,0,0,1,0,0,0,0,0,0,1,0,0,0,0,0,0,0,0,0,0,0,1,0,1,1,1
Celiac_disease,rs76830965,rs17809756,chr3,159630084,0.0808,none,none,none,NA,GM12878,1,1,1,1,1,1,1,1,1,1,1,1,1,0,1,0,1,1,1,1,1,1,0,1,0,1,0,1,1,1,1,1,1
Celiac_disease,rs2030519-G,rs2030519,chr3,188119901,0.245,none,LPP,none,NA,adult_CD20,0,1,0,0,1,0,0,0,1,0,1,0,1,1,1,1,1,1,1,0,1,0,0,0,1,1,1,1,0,1,0,0,1
Celiac_disease,rs2030519-G,rs6444285,chr3,188117786,0.144,none,LPP,none,NA,adult_CD20,0,0,1,1,1,1,0,1,1,0,1,0,1,1,1,1,1,1,1,0,1,1,0,1,0,1,0,1,0,1,0,1,1
Celiac_disease,rs2030519-G,rs6790260,chr3,188117079,0.1319,none,LPP,none,NA,adult_CD20,0,0,1,1,1,1,0,1,1,0,1,0,1,1,1,1,1,1,1,0,1,1,0,1,0,1,0,1,0,1,0,1,1
Celiac_disease,rs2030519-G,rs4686483,chr3,188118225,0.1257,none,LPP,none,NA,adult_CD20,1,1,1,1,1,1,1,1,1,0,1,1,1,1,1,1,1,1,1,1,1,1,0,1,1,1,1,1,1,1,1,1,1
Celiac_disease,rs2030519-G,rs6778720,chr3,188118877,0.1172,none,LPP,none,NA,adult_CD20,1,1,1,1,1,1,1,1,1,0,1,1,1,1,1,1,1,1,1,1,1,1,0,1,1,1,1,1,1,1,1,1,1
Celiac_disease,rs2030519-G,rs2030520,chr3,188119582,0.1035,none,LPP,none,NA,adult_CD20,0,1,0,0,1,0,0,0,1,0,1,0,1,1,1,1,1,1,1,0,1,0,0,0,1,1,1,1,0,1,0,0,1
Celiac_disease,rs2030519-G,rs4686484,chr3,188118572,0.1013,none,LPP,none,NA,adult_CD20,1,1,1,1,1,1,1,1,1,0,1,1,1,1,1,1,1,1,1,1,1,1,0,1,1,1,1,1,1,1,1,1,1
Celiac_disease,rs13132308-A,rs13132308,chr4,123551114,0.4872,none,BC045668,none,NA,none,0,0,0,0,0,0,0,0,0,0,0,0,0,0,0,0,0,0,0,0,0,0,0,0,0,0,0,0,0,0,0,0,0
Celiac_disease,rs13132308-A,rs6822844,chr4,123509421,0.0992,none,none,none,NA,inferior_temporal_lobe,1,1,1,1,1,1,1,0,1,0,0,0,1,0,1,0,1,1,0,0,1,0,0,0,0,0,0,0,0,0,1,0,0
Celiac_disease,rs13132308-A,rs13129806,chr4,123533142,0.098,none,none,none,NA,none,0,0,0,0,0,0,0,0,0,0,0,0,0,0,0,0,0,0,0,0,0,0,0,0,0,0,0,0,0,0,0,0,0
Celiac_disease,rs13132308-A,rs34566917,chr4,123339756,0.07,none,ADAD1,none,NA,none,0,0,0,0,0,0,0,0,0,0,0,0,0,0,0,0,0,0,0,0,0,0,0,0,0,0,0,0,0,0,0,0,0
Celiac_disease,rs13132308-A,rs45545833,chr4,123392504,0.0608,none,none,none,NA,none,0,0,0,0,0,0,0,0,0,0,0,0,0,0,0,0,0,0,0,0,0,0,0,0,0,0,0,0,0,0,0,0,0
Celiac_disease,rs13132308-A,rs13140464,chr4,123499745,0.045,none,none,none,NA,Th1,1,0,1,1,1,0,1,1,1,1,1,1,1,1,1,1,1,1,1,1,0,0,0,1,1,1,0,0,0,0,1,1,1
Celiac_disease,rs13132308-A,rs2069778,chr4,123376135,0.0321,none,IL2,none,NA,CD25-_IL17-_Th_stim_MACS,0,0,0,0,0,0,0,1,1,1,1,1,1,1,1,1,0,0,1,0,0,0,0,0,0,0,0,0,0,0,0,0,0
Celiac_disease,rs1050976-C,rs1050976,chr6,408079,0.2874,utr3,IRF4,none,NA,Th2,0,0,0,0,0,0,0,1,1,1,1,1,1,1,1,0,0,1,1,1,1,1,1,1,1,1,1,1,0,0,1,0,1
Celiac_disease,rs1050976-C,rs872071,chr6,411064,0.1696,utr3,IRF4,none,NA,Th2,0,0,0,0,0,0,0,1,0,1,1,1,1,1,1,0,1,0,1,1,0,0,0,0,0,0,1,0,0,0,0,0,0
Celiac_disease,rs1050976-C,rs9391997,chr6,409119,0.1444,utr3,IRF4,none,NA,Th2,0,0,0,0,0,0,0,1,0,1,1,1,1,1,1,0,0,1,1,1,1,0,0,0,0,1,1,0,0,0,0,0,0
Celiac_disease,rs1050976-C,rs3778607,chr6,403799,0.1256,none,IRF4,none,NA,Th2,0,0,0,0,0,0,0,1,1,1,1,1,1,1,1,0,0,0,1,1,1,1,1,1,0,0,0,0,0,0,0,0,0
Celiac_disease,rs1050976-C,rs1050979,chr6,410417,0.1115,utr3,IRF4,none,NA,Th2,0,0,0,0,0,0,0,1,0,1,1,1,1,1,1,1,1,0,1,1,0,0,1,0,1,0,0,0,0,0,0,0,0
Celiac_disease,rs1050976-C,rs7757906,chr6,412741,0.0405,none,none,none,NA,Th2,0,0,0,0,0,0,0,0,1,1,1,1,1,1,1,0,0,0,1,1,0,0,0,0,1,0,1,0,0,0,0,0,0
Celiac_disease,rs1050976-C,rs2797304,chr6,386636,0.0319,none,none,none,NA,none,0,0,0,0,0,0,0,0,0,0,0,0,0,0,0,0,0,0,0,0,0,0,0,0,0,0,0,0,0,0,0,0,0
Celiac_disease,rs114621938,rs114621938,chr6,34539968,0.1188,none,none,none,NA,none,0,0,0,0,0,0,0,0,0,0,0,0,0,0,0,0,0,0,0,0,0,0,0,0,0,0,0,0,0,0,0,0,0
Celiac_disease,rs114621938,rs80170559,chr6,34534684,0.1188,none,none,none,NA,none,0,0,0,0,0,0,0,0,0,0,0,0,0,0,0,0,0,0,0,0,0,0,0,0,0,0,0,0,0,0,0,0,0
Celiac_disease,rs114621938,rs138796117,chr6,34543957,0.1188,none,none,none,NA,none,0,0,0,0,0,0,0,0,0,0,0,0,0,0,0,0,0,0,0,0,0,0,0,0,0,0,0,0,0,0,0,0,0
Celiac_disease,rs114621938,rs150048437,chr6,34544454,0.1188,none,none,none,NA,none,0,0,0,0,0,0,0,0,0,0,0,0,0,0,0,0,0,0,0,0,0,0,0,0,0,0,0,0,0,0,0,0,0
Celiac_disease,rs114621938,rs144334463,chr6,34544872,0.1188,none,none,none,NA,none,0,0,0,0,0,0,0,0,0,0,0,0,0,0,0,0,0,0,0,0,0,0,0,0,0,0,0,0,0,0,0,0,0
Celiac_disease,rs114621938,rs115092058,chr6,34545707,0.1188,none,none,none,NA,none,0,0,0,0,0,0,0,0,0,0,0,0,0,0,0,0,0,0,0,0,0,0,0,0,0,0,0,0,0,0,0,0,0
Celiac_disease,rs114621938,rs115800187,chr6,34528137,0.0513,none,none,none,NA,K562,0,0,1,1,1,0,1,1,0,0,0,0,0,0,0,0,1,0,0,0,0,1,1,1,0,0,1,1,0,0,1,0,0
Celiac_disease,rs114621938,rs79039433,chr6,34539203,0.0454,none,none,none,NA,none,0,0,0,0,0,0,0,0,0,0,0,0,0,0,0,0,0,0,0,0,0,0,0,0,0,0,0,0,0,0,0,0,0
Celiac_disease,rs7753008-C,rs7753008,chr6,90809639,0.1151,none,BACH2,none,NA,none,0,0,0,0,0,0,0,0,0,0,0,0,0,0,0,0,0,0,0,0,0,0,0,0,0,0,0,0,0,0,0,0,0
Celiac_disease,rs7753008-C,rs10539561,chr6,90809560,0.1151,none,BACH2,none,NA,none,0,0,0,0,0,0,0,0,0,0,0,0,0,0,0,0,0,0,0,0,0,0,0,0,0,0,0,0,0,0,0,0,0
Celiac_disease,rs7753008-C,rs12194007,chr6,90823159,0.0391,none,BACH2,none,NA,adult_CD20,0,0,0,0,0,0,0,1,1,1,1,1,1,1,1,1,1,0,1,0,1,0,0,0,0,0,0,0,1,0,0,0,0
Celiac_disease,rs7753008-C,rs11754356,chr6,90825905,0.0391,none,BACH2,none,NA,none,0,0,0,0,0,0,0,0,0,0,0,0,0,0,0,0,0,0,0,0,0,0,0,0,0,0,0,0,0,0,0,0,0
Celiac_disease,rs7753008-C,rs72925947,chr6,90826272,0.0391,none,BACH2,none,NA,Th0,0,0,0,0,0,0,0,1,0,0,1,0,1,1,1,0,0,0,1,0,1,1,1,0,1,0,0,0,0,0,0,0,0
Celiac_disease,rs7753008-C,rs66512357,chr6,90818299,0.0369,none,BACH2,none,NA,adult_CD20,0,0,0,0,0,0,0,1,1,1,1,1,1,1,1,1,1,1,1,0,1,0,1,0,1,0,0,0,0,0,0,0,0
Celiac_disease,rs7753008-C,rs72928038,chr6,90976768,0.0321,none,BACH2,none,NA,CD25-_CD45RA+_naive,0,0,0,0,0,0,0,1,1,1,1,1,1,1,1,1,1,0,1,0,1,0,0,1,0,0,0,0,0,0,1,0,0
Celiac_disease,rs7753008-C,rs2174281,chr6,90987872,0.0314,none,BACH2,none,NA,CD25-_CD45RA+_naive,0,0,0,0,1,0,0,1,1,1,1,1,1,1,1,1,1,0,1,0,1,0,1,0,0,0,0,1,0,0,0,0,0
Celiac_disease,rs7753008-C,rs12202119,chr6,90815190,0.0293,none,BACH2,none,NA,adult_CD20,0,1,0,1,0,1,0,1,1,1,1,1,1,1,1,1,1,1,1,1,1,1,0,0,1,0,0,1,0,0,0,0,0
Celiac_disease,rs7753008-C,rs6454802,chr6,90814199,0.0291,none,BACH2,none,NA,B_Cell_Centroblast,1,1,1,1,0,1,0,1,1,1,1,1,1,1,1,1,1,1,1,1,1,0,0,0,0,0,0,0,1,0,0,0,0
Celiac_disease,rs7753008-C,rs11753332,chr6,90819153,0.028,none,BACH2,none,NA,adult_CD20,1,0,0,0,0,0,0,1,1,0,1,1,1,1,1,1,1,1,1,0,1,0,0,0,1,0,0,0,0,1,0,0,0
Celiac_disease,rs55743914-T,rs55743914,chr6,128293562,0.4467,none,PTPRK,none,NA,CD25-_IL17-_Th_stim_MACS,0,0,0,1,0,0,1,1,1,1,1,1,1,1,1,1,1,0,1,1,0,0,0,1,1,0,1,1,0,1,0,1,0
Celiac_disease,rs55743914-T,rs41285280,chr6,128291649,0.227,none,PTPRK,none,NA,Th1,0,0,0,0,0,0,0,1,1,1,1,1,1,1,1,1,1,0,0,0,1,0,0,0,0,0,0,0,0,0,0,0,0
Celiac_disease,rs55743914-T,rs142476876,chr6,128293994,0.1349,none,PTPRK,none,NA,Th0,0,0,0,1,0,0,0,1,1,1,1,1,1,1,1,1,1,0,0,0,0,0,0,0,0,0,0,0,0,0,1,1,0
Celiac_disease,rs55743914-T,rs3190930,chr6,128291199,0.0999,utr3,PTPRK,none,NA,Th1,0,0,0,0,0,0,0,1,1,1,1,1,1,1,1,1,1,0,0,0,1,0,0,0,0,0,0,0,0,0,0,0,0
Celiac_disease,rs55743914-T,rs802719,chr6,128289019,0.0307,none,none,none,NA,CD45RA_CD8,1,1,0,1,1,1,1,1,1,0,1,1,1,1,1,1,0,0,1,0,0,0,0,0,0,0,1,0,0,0,1,0,0
Celiac_disease,rs17264332-G,rs17264332,chr6,138005515,0.284,none,none,none,NA,none,0,0,0,0,0,0,0,0,0,0,0,0,0,0,0,0,0,0,0,0,0,0,0,0,0,0,0,0,0,0,0,0,0
Celiac_disease,rs17264332-G,rs11757201,chr6,138003822,0.284,none,none,none,NA,none,0,0,0,0,0,0,0,0,0,0,0,0,0,0,0,0,0,0,0,0,0,0,0,0,0,0,0,0,0,0,0,0,0
Celiac_disease,rs17264332-G,rs6927172,chr6,138002175,0.1876,none,none,none,NA,CD25-_IL17+_Th17_stim,0,0,0,0,0,0,0,1,0,1,1,1,1,1,1,0,0,0,1,1,1,1,0,0,0,1,1,0,0,0,1,1,0
Celiac_disease,rs17264332-G,rs6920220,chr6,138006504,0.1132,none,none,none,NA,none,0,0,0,0,0,0,0,0,0,0,0,0,0,0,0,0,0,0,0,0,0,0,0,0,0,0,0,0,0,0,0,0,0
Celiac_disease,rs17264332-G,rs928722,chr6,137973832,0.0489,none,none,none,NA,colonic_mucosa,0,0,0,0,0,0,0,0,0,0,0,0,0,0,1,0,0,0,0,1,1,0,0,1,1,0,1,0,0,0,0,0,0
Celiac_disease,rs17264332-G,rs2327832,chr6,137973068,0.0418,none,none,none,NA,colonic_mucosa,0,0,0,0,0,0,0,1,1,1,1,0,1,1,1,0,0,0,0,0,0,0,0,1,1,0,1,1,0,0,0,0,0
Celiac_disease,rs17264332-G,rs6933404,chr6,137959235,0.035,none,none,none,NA,GM12878,0,0,0,0,0,0,0,1,1,1,0,1,0,0,1,0,1,0,1,1,0,0,1,0,0,0,0,0,0,0,1,1,0
Celiac_disease,rs182429-G,rs182429,chr6,159469574,0.4078,none,none,none,NA,Th1,0,0,0,0,0,0,0,1,1,1,1,1,1,1,1,1,0,0,1,1,1,0,1,0,1,0,0,0,0,0,1,0,0
Celiac_disease,rs182429-G,rs212410,chr6,159469252,0.2763,none,none,none,NA,Th1,0,0,0,0,0,0,0,1,1,1,1,1,1,1,1,1,0,0,1,1,1,0,1,0,1,0,0,0,0,0,1,0,0
Celiac_disease,rs182429-G,rs1738074,chr6,159465977,0.2418,utr5,TAGAP,none,NA,CD25-_IL17-_Th_stim_MACS,1,1,1,1,1,1,1,1,1,1,1,1,1,1,1,1,1,1,1,1,1,1,1,1,1,1,0,1,0,1,1,0,0
Celiac_disease,rs182429-G,rs212409,chr6,159470058,0.0555,none,none,none,NA,none,0,0,0,0,0,0,0,0,0,0,0,0,0,0,0,0,0,0,0,0,0,0,0,0,0,0,0,0,0,0,0,0,0
Celiac_disease,rs79758729,rs79758729,chr7,37418454,0.0392,none,ELMO1,none,NA,none,0,0,0,0,0,0,0,0,0,0,0,0,0,0,0,0,0,0,0,0,0,0,0,0,0,0,0,0,0,0,0,0,0
Celiac_disease,rs79758729,rs10238927,chr7,37433537,0.0341,none,ELMO1,none,NA,adult_CD20,1,1,1,1,1,1,1,1,1,0,1,0,1,1,1,1,1,1,1,1,1,1,0,1,1,1,0,1,0,0,0,0,0
Celiac_disease,rs79758729,rs73112675,chr7,37379030,0.0303,none,ELMO1,none,NA,Mobilized_CD34,1,1,1,1,1,1,1,1,1,1,1,0,1,1,1,1,1,1,1,1,0,1,0,0,1,0,0,0,0,0,0,0,0
Celiac_disease,rs79758729,rs74382971,chr7,37405228,0.0285,none,ELMO1,none,NA,Th1,1,1,0,1,1,1,1,1,1,1,1,1,1,1,1,1,1,1,1,0,0,0,0,0,1,1,0,1,0,0,0,0,0
Celiac_disease,rs73366469,rs73366469,chr7,74033600,0.4668,none,none,none,NA,none,0,0,0,0,0,0,0,0,0,0,0,0,0,0,0,0,0,0,0,0,0,0,0,0,0,0,0,0,0,0,0,0,0
Celiac_disease,rs73366469,rs7800325,chr7,74032651,0.4668,none,none,none,NA,none,0,0,0,0,0,0,0,0,0,0,0,0,0,0,0,0,0,0,0,0,0,0,0,0,0,0,0,0,0,0,0,0,0
Celiac_disease,rs2387397-G,rs2387397,chr10,6390192,0.315,none,none,none,NA,B_Cell_Centroblast,1,1,1,1,1,1,1,1,1,1,1,1,1,1,1,1,1,1,1,1,1,1,1,1,1,1,0,1,0,1,1,1,1
Celiac_disease,rs2387397-G,rs744254,chr10,6392848,0.1446,none,none,none,NA,B_Cell_Centroblast,1,0,0,1,1,1,1,1,1,1,1,1,1,1,1,1,1,1,1,1,1,0,0,0,1,0,0,0,0,0,0,0,0
Celiac_disease,rs2387397-G,rs744253,chr10,6393009,0.1099,none,none,none,NA,B_Cell_Centroblast,1,0,0,1,1,1,1,1,1,1,1,1,1,1,1,1,1,1,1,1,1,0,0,0,1,0,0,0,0,0,0,0,0
Celiac_disease,rs2387397-G,rs2181622,chr10,6391061,0.0826,none,none,none,NA,B_Cell_Centroblast,1,1,1,1,1,1,1,1,1,1,1,1,1,1,1,1,1,1,1,1,1,1,1,1,1,1,0,1,0,1,1,1,1
Celiac_disease,rs2387397-G,rs947474,chr10,6390450,0.0355,none,none,none,NA,B_Cell_Centroblast,1,1,1,1,1,1,1,1,1,1,1,1,1,1,1,1,1,1,1,1,1,1,1,1,1,1,0,1,0,1,1,1,1
Celiac_disease,rs2387397-G,rs11258303,chr10,6405534,0.0305,none,none,none,NA,none,0,0,0,0,0,0,0,0,0,0,0,0,0,0,0,0,0,0,0,0,0,0,0,0,0,0,0,0,0,0,0,0,0
Celiac_disease,rs2387397-G,rs10906344,chr10,6407830,0.0301,none,none,none,NA,none,0,0,0,0,0,0,0,0,0,0,0,0,0,0,0,0,0,0,0,0,0,0,0,0,0,0,0,0,0,0,0,0,0
Celiac_disease,rs1250552,rs1250552,chr10,81058027,0.6178,none,ZMIZ1,none,NA,adult_CD14,1,1,1,1,1,1,1,0,1,0,1,1,0,0,1,0,1,1,1,1,1,1,1,1,0,1,1,0,1,0,1,1,1
Celiac_disease,rs1250552,rs1250569,chr10,81045207,0.1454,none,ZMIZ1,none,NA,GM12878,1,1,1,1,1,1,1,1,1,1,1,1,1,1,1,1,1,1,1,1,1,1,1,1,1,1,1,1,1,1,1,1,1
Celiac_disease,rs1250552,rs1250568,chr10,81045280,0.0739,none,ZMIZ1,none,NA,GM12878,1,1,1,1,1,1,1,1,1,1,1,1,1,1,1,1,1,1,1,1,1,1,1,1,1,1,1,1,1,1,1,1,1
Celiac_disease,rs1250552,rs2802372,chr10,81047575,0.0693,none,ZMIZ1,none,NA,Mobilized_CD34,1,1,1,1,1,1,1,0,1,1,1,1,1,1,1,0,1,1,1,1,1,1,0,1,1,1,1,1,1,1,0,1,1
Celiac_disease,rs10892258-G,rs10892258,chr11,118579865,0.0551,none,none,none,NA,K562,0,0,0,0,1,0,0,0,1,1,0,0,1,0,1,0,1,0,0,0,1,0,1,0,0,0,0,0,0,0,0,0,0
Celiac_disease,rs10892258-G,rs10892257,chr11,118579327,0.0551,none,none,none,NA,K562,0,0,0,0,1,0,0,0,1,1,0,0,1,0,1,0,1,0,0,0,1,0,1,0,0,0,0,0,0,0,0,0,0
Celiac_disease,rs10892258-G,rs11216961,chr11,118580338,0.0551,none,none,none,NA,K562,0,0,0,0,1,0,0,0,1,1,0,0,1,0,1,0,1,0,0,0,1,0,1,0,0,0,0,0,0,0,0,0,0
Celiac_disease,rs10892258-G,rs11216964,chr11,118581895,0.0551,none,none,none,NA,none,0,0,0,0,0,0,0,0,0,0,0,0,0,0,0,0,0,0,0,0,0,0,0,0,0,0,0,0,0,0,0,0,0
Celiac_disease,rs10892258-G,rs11216965,chr11,118582613,0.0551,none,none,none,NA,K562,0,0,0,0,0,0,0,1,0,0,0,1,0,0,0,0,0,0,0,0,1,0,1,0,0,0,0,0,0,0,0,0,0
Celiac_disease,rs10892258-G,rs11216969,chr11,118584340,0.0551,none,none,none,NA,K562,0,0,0,0,0,0,0,0,0,1,0,0,1,0,0,0,1,0,0,0,0,0,1,0,0,0,0,0,0,0,0,0,0
Celiac_disease,rs10892258-G,rs10790261,chr11,118579747,0.0521,none,none,none,NA,K562,0,0,0,0,1,0,0,0,1,1,0,0,1,0,1,0,1,0,0,0,1,0,1,0,0,0,0,0,0,0,0,0,0
Celiac_disease,rs10892258-G,rs11216960,chr11,118577873,0.0364,none,none,none,NA,substantia_nigra,1,1,1,1,1,1,1,1,1,1,1,1,1,0,1,1,1,1,0,1,1,0,1,1,1,0,0,0,1,0,1,0,0
Celiac_disease,rs10892258-G,rs10892256,chr11,118578705,0.0347,none,none,none,NA,none,0,0,0,0,0,0,0,0,0,0,0,0,0,0,0,0,0,0,0,0,0,0,0,0,0,0,0,0,0,0,0,0,0
Celiac_disease,rs10892258-G,rs139437602,chr11,118580965,0.0331,none,none,none,NA,none,0,0,0,0,0,0,0,0,0,0,0,0,0,0,0,0,0,0,0,0,0,0,0,0,0,0,0,0,0,0,0,0,0
Celiac_disease,rs10892258-G,rs10892259,chr11,118583002,0.0331,none,none,none,NA,K562,0,0,0,0,0,0,0,1,0,0,0,1,0,0,0,0,0,0,0,0,1,0,1,0,0,0,0,0,0,0,0,0,0
Celiac_disease,rs10892258-G,rs10892260,chr11,118583525,0.0331,none,none,none,NA,K562,0,0,0,0,0,0,0,0,0,1,0,0,1,0,0,0,1,0,0,0,0,0,1,0,0,0,0,0,0,0,0,0,0
Celiac_disease,rs61907765-T,rs61907765,chr11,128391937,0.4093,utr5,ETS1,none,NA,CD25-_IL17+_Th17_stim,1,1,1,1,1,1,1,1,1,1,1,1,1,1,1,1,1,1,1,1,1,1,0,1,1,1,1,1,1,1,1,1,1
Celiac_disease,rs61907765-T,rs7117118,chr11,128396738,0.1107,none,ETS1,none,NA,Th0,1,1,1,1,1,1,1,1,1,1,1,1,1,1,1,1,1,0,1,1,0,0,0,1,1,1,0,1,0,1,0,0,1
Celiac_disease,rs61907765-T,rs11221332,chr11,128380974,0.0998,none,ETS1,none,NA,CD25-_CD45RA+_naive,1,1,1,1,1,1,1,1,1,1,1,1,1,1,1,1,1,0,1,1,1,1,0,1,1,1,0,1,1,1,0,1,1
Celiac_disease,rs61907765-T,rs7120822,chr11,128390069,0.0942,none,ETS1,none,NA,Th1,1,1,1,1,1,1,1,1,1,1,1,1,1,1,1,1,1,0,1,1,1,1,0,1,1,1,0,1,1,1,1,1,1
Celiac_disease,rs61907765-T,rs151213883,chr11,128392903,0.093,none,ETS1,none,NA,NH-Osteoblast,1,1,1,1,1,1,1,1,1,1,1,1,1,1,1,1,1,1,1,1,1,1,1,1,1,1,1,1,1,1,1,1,1
Celiac_disease,rs61907765-T,rs7117768,chr11,128383924,0.093,none,ETS1,none,NA,CD25-_CD45RA+_naive,0,1,0,0,0,0,1,1,1,1,1,1,1,1,1,1,1,0,1,1,0,0,1,1,1,1,0,1,1,1,0,1,1
Celiac_disease,rs61907765-T,rs11221335,chr11,128385906,0.0868,none,ETS1,none,NA,Th2,1,1,1,1,1,1,1,1,1,1,1,1,1,1,1,1,1,0,1,1,1,1,0,1,1,1,0,1,1,1,1,1,1
Celiac_disease,rs10774430,rs10774430,chr12,6504773,0.1979,none,none,none,NA,chondrogenic_dif_cells,0,0,0,0,1,0,1,0,1,0,0,1,0,1,0,1,1,0,0,0,0,0,0,1,1,1,1,1,1,0,0,0,1
Celiac_disease,rs10774430,rs11064159,chr12,6502361,0.1705,none,none,none,NA,colonic_mucosa,0,0,0,0,1,0,0,0,0,0,0,0,0,1,0,0,1,1,0,0,1,1,1,1,1,1,0,1,1,0,1,0,1
Celiac_disease,rs10774430,rs10744706,chr12,6503218,0.1304,none,none,none,NA,CD45RO_CD8,0,1,0,0,1,1,1,1,0,0,0,1,0,1,0,0,1,1,0,1,0,1,1,1,1,1,1,1,1,1,0,1,1
Celiac_disease,rs10774430,rs12425441,chr12,6506390,0.0902,none,none,none,NA,chondrogenic_dif_cells,0,0,0,0,0,0,0,0,0,0,0,1,0,0,0,0,0,0,0,0,0,0,1,0,0,0,0,1,1,0,0,0,1
Celiac_disease,rs10774430,rs11064157,chr12,6492649,0.0768,none,LTBR,none,NA,kidney,1,1,1,1,1,1,1,1,0,1,1,1,1,1,1,0,1,1,1,1,0,1,1,1,1,1,1,1,1,1,1,1,1
Celiac_disease,rs10774430,rs9669611,chr12,6503786,0.0625,none,none,none,NA,chondrogenic_dif_cells,0,0,1,1,1,1,1,1,0,1,0,1,0,0,0,0,1,1,0,0,0,0,1,1,1,1,1,1,1,1,1,1,1
Celiac_disease,rs10774430,rs7300170,chr12,6519837,0.0611,none,none,none,NA,none,0,0,0,0,0,0,0,0,0,0,0,0,0,0,0,0,0,0,0,0,0,0,0,0,0,0,0,0,0,0,0,0,0
Celiac_disease,rs10774430,rs9668139,chr12,6504098,0.0596,none,none,none,NA,chondrogenic_dif_cells,0,0,1,1,1,1,1,1,0,1,0,1,0,0,0,0,1,1,0,0,0,0,1,1,1,1,1,1,1,1,1,1,1
Celiac_disease,rs10774430,rs2364481,chr12,6497260,0.0448,none,LTBR,none,NA,Pancreatic_Islets,1,0,1,0,1,1,1,1,0,0,0,0,0,0,1,0,1,1,0,0,1,1,0,1,0,1,1,1,1,1,0,1,1
Celiac_disease,rs10774430,rs4301834,chr12,6500843,0.0402,none,none,none,NA,colonic_mucosa,0,0,0,0,0,0,0,0,1,0,0,1,0,0,0,0,1,1,0,0,0,1,1,1,1,0,1,1,1,1,0,0,1
Celiac_disease,rs3184504-C,rs3184504,chr12,111884608,0.5251,missense,SH2B3,none,NA,Pancreatic_Islets,1,1,1,1,1,1,1,1,1,1,1,1,1,1,1,1,1,1,1,1,1,1,1,1,1,1,1,1,1,1,1,1,1
Celiac_disease,rs3184504-C,rs653178,chr12,112007756,0.2143,none,ATXN2,none,NA,HSMM-myotube,1,1,1,1,1,1,1,1,1,1,1,0,1,1,0,1,1,1,1,1,0,1,1,1,1,1,1,1,1,1,1,1,1
Celiac_disease,rs3184504-C,rs10774625,chr12,111910219,0.097,none,ATXN2,none,NA,none,0,0,0,0,0,0,0,0,0,0,0,0,0,0,0,0,0,0,0,0,0,0,0,0,0,0,0,0,0,0,0,0,0
Celiac_disease,rs3184504-C,rs4766578,chr12,111904371,0.0733,none,ATXN2,none,NA,none,0,0,0,0,0,0,0,0,0,0,0,0,0,0,0,0,0,0,0,0,0,0,0,0,0,0,0,0,0,0,0,0,0
Celiac_disease,rs3184504-C,rs7310615,chr12,111865049,0.0525,none,SH2B3,none,NA,colonic_mucosa,1,1,1,1,1,1,1,1,1,1,1,1,1,1,1,1,1,1,1,1,1,1,1,1,1,1,0,1,1,1,1,1,1
Celiac_disease,rs4462451,rs4462451,chr13,100036873,0.4203,none,UBAC2,none,NA,Th2,1,1,1,1,1,1,1,1,1,1,1,1,1,1,1,1,1,1,1,1,0,1,1,1,1,0,0,0,0,0,0,0,0
Celiac_disease,rs4462451,rs2390237,chr13,99988304,0.0798,none,UBAC2,none,NA,GM12878,0,0,0,0,0,0,0,1,1,1,1,1,0,1,1,1,1,1,1,1,1,1,1,0,0,1,1,1,0,0,0,1,1
Celiac_disease,rs4462451,rs9517726,chr13,100085153,0.0572,none,none,none,NA,adult_CD14,0,1,1,1,1,1,1,1,1,1,1,1,1,1,1,1,1,1,1,1,1,1,1,1,1,1,1,1,0,1,1,1,1
Celiac_disease,rs4462451,rs1160294,chr13,99933594,0.0558,none,UBAC2,none,NA,adult_CD14,1,1,1,1,1,1,1,1,1,1,1,1,1,1,1,1,1,1,1,1,1,1,0,1,1,1,0,1,0,1,0,1,1
Celiac_disease,rs4462451,rs11840658,chr13,100087455,0.0503,none,none,none,NA,Th2,0,0,0,0,0,0,0,1,1,1,1,1,1,1,1,1,1,1,1,1,0,1,1,1,0,0,1,1,0,0,0,0,0
Celiac_disease,rs4462451,rs56294345,chr13,100088088,0.0481,none,none,none,NA,Th2,0,1,0,0,0,0,0,1,1,1,1,1,1,1,1,1,1,1,1,1,1,1,1,1,1,0,0,0,0,0,0,0,0
Celiac_disease,rs4462451,rs11839996,chr13,100089664,0.0429,none,none,none,NA,Th2,0,0,1,0,0,0,0,1,1,1,1,1,1,1,1,1,1,1,1,1,1,0,1,0,0,0,0,1,0,0,0,1,0
Celiac_disease,rs4462451,rs12586002,chr13,100046106,0.0349,none,MIR548AN,none,NA,none,0,0,0,0,0,0,0,0,0,0,0,0,0,0,0,0,0,0,0,0,0,0,0,0,0,0,0,0,0,0,0,0,0
Celiac_disease,rs11851414-C,rs11851414,chr14,69259502,0.1385,none,ZFP36L1,none,NA,kidney,1,1,1,1,1,1,1,1,1,1,1,1,1,1,1,1,1,1,1,1,1,1,1,1,1,1,1,1,1,1,1,1,1
Celiac_disease,rs11851414-C,rs1051533,chr14,69259662,0.1385,synonymous,ZFP36L1,none,NA,kidney,1,1,1,1,1,1,1,1,1,1,1,1,1,1,1,1,1,1,1,1,1,1,1,1,1,1,1,1,1,1,1,1,1
Celiac_disease,rs11851414-C,rs11847049,chr14,69259406,0.1264,none,ZFP36L1,none,NA,kidney,1,1,1,1,1,1,1,1,1,1,1,1,1,1,1,1,1,1,1,1,1,1,1,1,1,1,1,1,1,1,1,1,1
Celiac_disease,rs11851414-C,rs971290,chr14,69271969,0.0854,none,none,none,NA,adult_CD20,1,1,1,1,1,0,1,1,1,1,1,0,0,0,1,0,1,0,1,1,1,1,0,1,1,0,1,1,1,1,1,0,0
Celiac_disease,rs11851414-C,rs4902649,chr14,69267271,0.0432,none,none,none,NA,B_Cell_Centroblast,0,0,0,0,0,0,0,1,0,1,0,1,1,0,1,1,1,0,1,1,1,1,1,1,0,1,1,1,0,0,1,1,1
Celiac_disease,rs34593439,rs34593439,chr15,79234957,0.313,none,CTSH,none,NA,GM12878,0,0,1,0,1,1,1,0,1,0,0,1,0,1,0,0,0,1,1,1,1,0,1,1,1,1,1,1,0,1,0,0,0
Celiac_disease,rs34593439,rs2289702,chr15,79237293,0.313,missense,CTSH,none,NA,CD25-_IL17+_Th17_stim,1,1,1,1,1,1,1,1,1,1,1,1,1,1,0,0,1,1,1,1,1,0,1,1,1,1,1,1,1,1,1,0,0
Celiac_disease,rs34593439,rs200464343,chr15,79233792,0.1012,none,CTSH,none,NA,B_Cell_Centroblast,0,0,0,0,1,0,1,0,0,1,1,1,1,1,0,0,0,1,1,1,1,0,0,0,0,0,0,0,0,1,0,0,0
Celiac_disease,rs34593439,rs34843303,chr15,79234470,0.0765,none,CTSH,none,NA,GM12878,0,0,1,0,1,1,1,0,1,0,0,1,0,1,0,0,0,1,1,1,1,0,1,1,1,1,1,1,0,1,0,0,0
Celiac_disease,rs34593439,rs3784539,chr15,79219188,0.0701,none,CTSH,CTSH,+,adult_CD14,1,1,1,1,1,1,1,1,1,1,1,0,1,1,1,0,0,1,1,1,1,1,1,1,0,0,1,1,0,1,1,0,0
Celiac_disease,rs34593439,rs12148472,chr15,79231478,0.0363,nearsplice,CTSH,none,NA,B_Cell_Centroblast,1,1,1,1,1,1,1,1,1,1,1,1,1,1,1,1,1,1,1,1,1,1,1,1,1,1,1,1,0,1,0,0,0
Celiac_disease,rs34593439,rs12592898,chr15,79229199,0.0275,none,CTSH,none,NA,GM12878,1,1,1,1,1,1,1,1,1,0,1,1,1,1,1,1,1,1,1,1,1,1,1,1,1,1,1,1,0,1,1,0,0
Celiac_disease,rs11875687-C,rs11875687,chr18,12843137,0.1122,none,PTPN2,none,NA,CD25-_IL17+_Th17_stim,1,1,1,1,0,1,0,1,1,1,1,1,1,1,1,1,1,1,1,1,1,1,1,0,0,1,1,1,0,1,0,1,0
Celiac_disease,rs11875687-C,rs487273,chr18,12853458,0.0788,none,PTPN2,none,NA,none,0,0,0,0,0,0,0,0,0,0,0,0,0,0,0,0,0,0,0,0,0,0,0,0,0,0,0,0,0,0,0,0,0
Celiac_disease,rs11875687-C,rs515151,chr18,12860934,0.0683,none,PTPN2,none,NA,none,0,0,0,0,0,0,0,0,0,0,0,0,0,0,0,0,0,0,0,0,0,0,0,0,0,0,0,0,0,0,0,0,0
Celiac_disease,rs11875687-C,rs11376832,chr18,12860798,0.0505,none,PTPN2,none,NA,none,0,0,0,0,0,0,0,0,0,0,0,0,0,0,0,0,0,0,0,0,0,0,0,0,0,0,0,0,0,0,0,0,0
Celiac_disease,rs11875687-C,rs9959425,chr18,12868506,0.0417,none,PTPN2,none,NA,colonic_mucosa,0,0,0,0,0,0,0,1,1,1,1,1,1,1,0,0,1,1,1,1,1,1,0,1,1,0,0,0,1,0,0,0,0
Celiac_disease,rs11875687-C,rs7241016,chr18,12880206,0.0375,none,PTPN2,none,NA,adult_CD14,1,1,1,1,1,1,1,1,1,1,1,1,1,1,1,1,1,1,1,1,1,1,1,1,1,1,1,1,1,1,0,1,1
Celiac_disease,rs11875687-C,rs657555,chr18,12847136,0.0374,none,PTPN2,none,NA,none,0,0,0,0,0,0,0,0,0,0,0,0,0,0,0,0,0,0,0,0,0,0,0,0,0,0,0,0,0,0,0,0,0
Celiac_disease,rs11875687-C,rs16939895,chr18,12821903,0.0369,none,PTPN2,none,NA,Liver1,1,1,1,1,1,1,1,1,1,1,1,0,1,1,0,0,0,1,1,1,1,0,1,0,1,0,1,1,1,0,0,1,0
Celiac_disease,rs11875687-C,rs34846641,chr18,12875975,0.0367,none,PTPN2,none,NA,none,0,0,0,0,0,0,0,0,0,0,0,0,0,0,0,0,0,0,0,0,0,0,0,0,0,0,0,0,0,0,0,0,0
Celiac_disease,rs11875687-C,rs7234029,chr18,12877060,0.0366,none,PTPN2,none,NA,adult_CD14,0,0,0,0,1,1,0,1,1,1,1,1,1,1,1,1,1,1,1,1,1,1,1,1,1,0,1,1,1,1,0,0,0
Celiac_disease,rs11875687-C,rs658158,chr18,12823402,0.0356,none,PTPN2,none,NA,none,0,0,0,0,0,0,0,0,0,0,0,0,0,0,0,0,0,0,0,0,0,0,0,0,0,0,0,0,0,0,0,0,0
Celiac_disease,rs11875687-C,rs579052,chr18,12858610,0.034,none,PTPN2,none,NA,Th1,0,0,0,0,0,0,0,1,0,1,1,1,1,1,1,1,0,1,1,1,0,0,1,0,1,0,1,0,0,0,0,1,0
Celiac_disease,rs1788103,rs1788103,chr18,67538824,0.0543,none,CD226,DOK6,-,none,0,0,0,0,0,0,0,0,0,0,0,0,0,0,0,0,0,0,0,0,0,0,0,0,0,0,0,0,0,0,0,0,0
Celiac_disease,rs1788103,rs12969657,chr18,67536496,0.0543,none,CD226,DOK6,-,none,0,0,0,0,0,0,0,0,0,0,0,0,0,0,0,0,0,0,0,0,0,0,0,0,0,0,0,0,0,0,0,0,0
Celiac_disease,rs1788103,rs1788100,chr18,67540723,0.0543,none,CD226,DOK6,-,none,0,0,0,0,0,0,0,0,0,0,0,0,0,0,0,0,0,0,0,0,0,0,0,0,0,0,0,0,0,0,0,0,0
Celiac_disease,rs1788103,rs1865761,chr18,67539392,0.0477,none,CD226,DOK6,-,anterior_caudate,0,0,0,0,0,1,0,1,1,0,1,1,1,1,1,0,0,0,0,1,0,0,0,0,0,0,1,0,0,0,0,0,0
Celiac_disease,rs1788103,rs1788097,chr18,67543688,0.0453,none,CD226,none,NA,none,0,0,0,0,0,0,0,0,0,0,0,0,0,0,0,0,0,0,0,0,0,0,0,0,0,0,0,0,0,0,0,0,0
Celiac_disease,rs1788103,rs1790588,chr18,67535184,0.0422,none,CD226,DOK6,-,none,0,0,0,0,0,0,0,0,0,0,0,0,0,0,0,0,0,0,0,0,0,0,0,0,0,0,0,0,0,0,0,0,0
Celiac_disease,rs1788103,rs17207042,chr18,67537351,0.04,none,CD226,DOK6,-,none,0,0,0,0,0,0,0,0,0,0,0,0,0,0,0,0,0,0,0,0,0,0,0,0,0,0,0,0,0,0,0,0,0
Celiac_disease,rs1788103,rs1788098,chr18,67542798,0.0398,none,CD226,none,NA,none,0,0,0,0,0,0,0,0,0,0,0,0,0,0,0,0,0,0,0,0,0,0,0,0,0,0,0,0,0,0,0,0,0
Celiac_disease,rs6032606,rs6032606,chr20,44596207,0.1003,missense,ZNF335,none,NA,none,0,0,0,0,0,0,0,0,0,0,0,0,0,0,0,0,0,0,0,0,0,0,0,0,0,0,0,0,0,0,0,0,0
Celiac_disease,rs6032606,rs4812977,chr20,44558073,0.1003,none,none,none,NA,none,0,0,0,0,0,0,0,0,0,0,0,0,0,0,0,0,0,0,0,0,0,0,0,0,0,0,0,0,0,0,0,0,0
Celiac_disease,rs6032606,rs6032592,chr20,44560401,0.1003,none,none,none,NA,HepG2,1,1,1,0,1,1,1,1,1,1,1,0,1,1,0,0,0,0,1,0,1,1,0,0,0,1,1,1,1,1,1,0,1
Celiac_disease,rs6032606,rs4141957,chr20,44564114,0.1003,none,PCIF1,none,NA,CD45RA_CD8,1,1,1,1,1,1,1,1,1,1,1,1,1,1,1,1,1,1,1,1,1,1,1,1,1,1,1,1,1,1,1,1,1
Celiac_disease,rs6032606,rs4810481,chr20,44571079,0.1003,none,PCIF1,none,NA,none,0,0,0,0,0,0,0,0,0,0,0,0,0,0,0,0,0,0,0,0,0,0,0,0,0,0,0,0,0,0,0,0,0
Celiac_disease,rs6032606,rs6032610,chr20,44604905,0.0744,none,none,none,NA,none,0,0,0,0,0,0,0,0,0,0,0,0,0,0,0,0,0,0,0,0,0,0,0,0,0,0,0,0,0,0,0,0,0
Celiac_disease,rs6032606,rs4810480,chr20,44554686,0.0516,none,none,none,NA,HepG2,1,1,1,1,1,1,1,1,0,0,1,0,1,0,0,0,0,0,0,0,1,1,1,0,0,0,1,1,1,1,1,0,1
Celiac_disease,rs6032606,rs62213344,chr20,44560440,0.0516,none,none,none,NA,HepG2,1,1,1,0,1,1,1,1,1,1,1,0,1,1,0,0,0,0,1,0,1,1,0,0,0,1,1,1,1,1,1,0,1
Celiac_disease,rs6032606,rs6017715,chr20,44599839,0.0468,none,ZNF335,none,NA,CD25-_CD45RO+_mem,1,1,1,1,1,1,1,1,1,1,1,1,1,1,1,1,1,1,1,1,1,1,1,1,1,1,1,1,1,1,1,1,1
Celiac_disease,rs6032606,rs4812976,chr20,44552209,0.0383,none,none,none,NA,none,0,0,0,0,0,0,0,0,0,0,0,0,0,0,0,0,0,0,0,0,0,0,0,0,0,0,0,0,0,0,0,0,0
Celiac_disease,rs6032606,rs6073955,chr20,44544571,0.0304,none,none,none,NA,none,0,0,0,0,0,0,0,0,0,0,0,0,0,0,0,0,0,0,0,0,0,0,0,0,0,0,0,0,0,0,0,0,0
Celiac_disease,rs6032606,rs4810478,chr20,44544732,0.0304,none,none,none,NA,none,0,0,0,0,0,0,0,0,0,0,0,0,0,0,0,0,0,0,0,0,0,0,0,0,0,0,0,0,0,0,0,0,0
Celiac_disease,rs1893592-A,rs1893592,chr21,43855067,0.9799,nearsplice,UBASH3A,UBASH3A,-,CD45RA_CD8,0,0,0,0,0,0,0,1,1,1,1,1,1,1,1,1,1,0,1,0,0,0,1,0,1,0,0,0,0,0,0,0,0
Celiac_disease,rs58911644-A,rs58911644,chr21,45629121,0.1419,none,none,none,NA,B_Cell_Centroblast,1,1,1,1,1,1,1,1,1,1,0,1,1,1,1,0,1,1,1,1,1,1,1,1,1,0,0,1,0,1,0,0,0
Celiac_disease,rs58911644-A,rs3746959,chr21,45625253,0.0944,none,none,none,NA,none,0,0,0,0,0,0,0,0,0,0,0,0,0,0,0,0,0,0,0,0,0,0,0,0,0,0,0,0,0,0,0,0,0
Celiac_disease,rs58911644-A,rs55708341,chr21,45627581,0.0741,none,none,none,NA,B_Cell_Centroblast,1,1,1,1,1,1,1,1,1,1,1,1,1,1,1,0,1,1,1,1,1,1,1,1,1,1,0,1,1,1,1,1,1
Celiac_disease,rs58911644-A,rs55965762,chr21,45622816,0.0697,none,none,none,NA,kidney,1,1,1,1,1,1,1,1,1,1,0,1,1,0,1,0,1,1,1,1,0,1,1,1,1,1,0,1,1,1,0,0,0
Celiac_disease,rs58911644-A,rs56132007,chr21,45622705,0.0632,none,none,none,NA,kidney,1,1,1,1,1,1,1,1,1,1,0,1,1,0,1,0,1,1,1,1,0,1,1,1,1,1,0,1,1,1,0,0,0
Celiac_disease,rs58911644-A,rs62228216,chr21,45623518,0.0622,none,none,none,NA,B_Cell_Centroblast,1,1,1,1,1,1,1,0,0,1,0,1,1,0,0,0,0,1,1,1,1,0,1,1,1,1,0,1,0,1,0,0,0
Celiac_disease,rs58911644-A,rs56299324,chr21,45622609,0.0593,none,none,none,NA,kidney,1,1,1,1,1,1,1,1,1,1,0,1,1,0,1,0,1,1,1,1,0,1,1,1,1,1,0,1,1,1,0,0,0
Celiac_disease,rs58911644-A,rs6518350,chr21,45621817,0.0569,none,none,none,NA,kidney,1,0,1,1,1,0,1,0,0,0,0,0,1,1,1,1,1,0,1,1,1,1,1,1,1,1,0,1,0,1,0,0,0
Celiac_disease,rs58911644-A,rs146669102,chr21,45623508,0.0558,none,none,none,NA,B_Cell_Centroblast,1,1,1,1,1,1,1,0,0,1,0,1,1,0,0,0,0,1,1,1,1,0,1,1,1,1,0,1,0,1,0,0,0
Celiac_disease,rs58911644-A,rs6518351,chr21,45621939,0.0513,none,none,none,NA,kidney,1,0,1,1,1,0,1,0,0,0,0,0,1,1,1,1,1,0,1,1,1,1,1,1,1,1,0,1,0,1,0,0,0
Celiac_disease,rs58911644-A,rs7282137,chr21,45624667,0.0485,none,none,none,NA,none,0,0,0,0,0,0,0,0,0,0,0,0,0,0,0,0,0,0,0,0,0,0,0,0,0,0,0,0,0,0,0,0,0
Celiac_disease,rs58911644-A,rs56178904,chr21,45624551,0.0338,none,none,none,NA,none,0,0,0,0,0,0,0,0,0,0,0,0,0,0,0,0,0,0,0,0,0,0,0,0,0,0,0,0,0,0,0,0,0
Celiac_disease,rs58911644-A,rs55736164,chr21,45622925,0.0332,none,none,none,NA,kidney,1,1,1,1,1,1,1,1,1,1,0,1,1,0,1,0,1,1,1,1,0,1,1,1,1,1,0,1,1,1,0,0,0
Celiac_disease,rs4821124-C,rs4821124,chr22,21979289,0.0618,none,none,none,NA,K562,1,1,1,1,1,1,1,1,1,1,1,1,1,1,1,1,1,1,1,1,1,1,1,1,1,1,1,1,1,1,1,1,1
Celiac_disease,rs4821124-C,rs4821116,chr22,21973319,0.0416,none,UBE2L3,none,NA,K562,0,1,0,0,0,0,0,1,1,1,1,1,1,1,0,1,0,1,1,1,1,1,1,0,0,0,1,0,1,0,0,1,0
Celiac_disease,rs4821124-C,rs4821104,chr22,21950405,0.0368,none,UBE2L3,none,NA,K562,1,1,0,1,1,1,1,1,1,0,1,1,1,1,1,0,0,1,1,0,0,1,1,0,0,1,1,0,1,0,1,1,1
Celiac_disease,rs4821124-C,rs5754344,chr22,21963786,0.0294,none,UBE2L3,none,NA,K562,1,0,1,0,0,0,0,1,1,1,1,1,1,1,1,1,1,1,1,1,1,1,1,0,0,0,0,0,1,0,0,0,0
Celiac_disease,rs4821124-C,rs4821114,chr22,21970810,0.0294,none,UBE2L3,none,NA,none,0,0,0,0,0,0,0,0,0,0,0,0,0,0,0,0,0,0,0,0,0,0,0,0,0,0,0,0,0,0,0,0,0
Celiac_disease,rs4821124-C,rs12484550,chr22,21941915,0.0287,none,UBE2L3,none,NA,B_Cell_Centroblast,1,1,1,1,1,1,1,1,1,1,1,1,1,1,1,1,1,1,1,1,1,1,1,1,1,1,1,1,1,0,1,1,1
Celiac_disease,rs9610686,rs9610686,chr22,37633851,0.2132,none,RAC2,none,NA,CD25-_IL17-_Th_stim_MACS,0,0,0,0,0,0,0,1,1,1,1,1,1,1,1,1,1,1,1,1,1,1,0,1,0,0,0,1,1,0,0,0,0
Celiac_disease,rs9610686,rs4821614,chr22,37635428,0.1317,none,RAC2,none,NA,Th0,0,0,0,0,0,0,0,1,1,1,1,1,1,1,1,1,1,1,1,1,1,1,1,1,0,1,0,1,0,0,0,0,0
Celiac_disease,rs9610686,rs2157206,chr22,37636351,0.1265,none,RAC2,none,NA,CD25-_IL17-_Th_stim_MACS,0,0,1,0,0,0,0,1,1,1,1,1,1,1,1,1,1,1,1,1,1,1,1,1,0,0,0,1,0,0,0,0,0
Celiac_disease,rs9610686,rs5995404,chr22,37632938,0.0693,none,RAC2,none,NA,Th0,0,0,0,0,0,0,0,1,1,1,1,1,1,1,1,1,1,1,1,1,1,1,0,1,1,0,0,1,0,0,0,1,0
Celiac_disease,rs9610686,rs739041,chr22,37624999,0.0467,none,RAC2,none,NA,Th0,0,0,1,0,1,1,1,1,1,1,1,1,1,1,1,1,1,1,1,1,1,1,1,1,1,1,0,1,1,1,1,1,1
Celiac_disease,rs9610686,rs8135343,chr22,37627845,0.0457,none,RAC2,none,NA,Th0,0,0,0,0,0,0,0,1,1,1,1,1,1,1,1,1,1,1,1,1,1,1,1,1,1,0,0,1,0,0,0,0,0
Celiac_disease,rs9610686,rs2284038,chr22,37635055,0.0404,none,RAC2,none,NA,Th0,0,0,0,0,0,0,0,1,1,1,1,1,1,1,1,1,1,1,1,1,1,1,1,1,0,1,0,1,0,0,0,0,0
Celiac_disease,rs9610686,rs9610682,chr22,37627234,0.0332,none,RAC2,none,NA,Th0,0,0,0,0,0,1,0,1,1,1,1,1,1,1,1,1,1,1,1,1,1,1,1,1,1,0,0,1,0,0,0,1,0
Celiac_disease,rs9610686,rs739042,chr22,37625419,0.0326,none,RAC2,none,NA,Th0,0,0,1,0,1,1,1,1,1,1,1,1,1,1,1,1,1,1,1,1,1,1,1,1,1,1,0,1,1,1,1,1,1
Celiac_disease,rs9610686,rs2284037,chr22,37626102,0.0277,none,RAC2,none,NA,Th0,0,0,0,0,1,1,1,1,1,1,1,1,1,1,1,1,1,1,1,1,1,1,1,1,1,1,0,1,0,1,1,1,1
Celiac_disease,rs6691768,rs6691768,chr1,61791863,0.1825,none,NFIA,none,NA,AdiposeNuclei,1,1,1,0,1,1,1,1,0,0,0,1,0,1,1,0,0,0,0,0,0,1,1,1,0,1,1,1,1,0,0,0,1
Celiac_disease,rs6691768,rs3067397,chr1,61786306,0.1825,none,NFIA,none,NA,AdiposeNuclei,0,0,1,0,1,1,1,0,0,1,1,0,0,0,0,1,1,0,0,0,0,0,1,1,0,1,0,0,0,0,0,0,0
Celiac_disease,rs6691768,rs2806442,chr1,61788766,0.1136,none,NFIA,none,NA,none,0,0,0,0,0,0,0,0,0,0,0,0,0,0,0,0,0,0,0,0,0,0,0,0,0,0,0,0,0,0,0,0,0
Celiac_disease,rs6691768,rs6670529,chr1,61792786,0.102,none,NFIA,none,NA,none,0,0,0,0,0,0,0,0,0,0,0,0,0,0,0,0,0,0,0,0,0,0,0,0,0,0,0,0,0,0,0,0,0
Celiac_disease,rs6691768,rs2782543,chr1,61781905,0.1018,none,NFIA,none,NA,AdiposeNuclei,1,1,1,1,1,1,1,0,1,0,0,0,1,1,0,1,0,0,0,0,0,0,0,1,1,1,1,1,1,1,0,0,0
Celiac_disease,rs6691768,rs112553278,chr1,61792211,0.0792,none,NFIA,none,NA,AdiposeNuclei,1,1,1,0,1,1,1,1,0,0,0,1,0,1,1,0,0,0,0,0,0,1,1,1,0,1,1,1,1,0,0,0,1
Celiac_disease,rs6691768,rs2782540,chr1,61776141,0.0737,none,NFIA,none,NA,none,0,0,0,0,0,0,0,0,0,0,0,0,0,0,0,0,0,0,0,0,0,0,0,0,0,0,0,0,0,0,0,0,0
Celiac_disease,rs864537,rs864537,chr1,167411384,0.4101,none,CD247,none,NA,CD25-_IL17+_Th17_stim,0,0,1,1,1,0,0,1,1,1,1,1,1,1,1,1,1,1,1,0,1,0,0,1,1,0,0,1,0,1,1,0,0
Celiac_disease,rs864537,rs840015,chr1,167409114,0.1727,none,CD247,none,NA,CD25-_CD45RA+_naive,1,1,1,1,0,1,1,1,1,1,1,1,1,1,1,1,1,0,1,1,1,0,1,0,0,0,0,1,0,0,0,0,0
Celiac_disease,rs864537,rs840016,chr1,167408670,0.1525,none,CD247,none,NA,CD25-_CD45RA+_naive,1,1,1,1,0,1,1,1,1,1,1,1,1,1,1,1,1,0,1,1,1,0,1,0,0,0,0,1,0,0,0,0,0
Celiac_disease,rs864537,rs1723023,chr1,167405132,0.1159,none,CD247,none,NA,CD25+_CD127-_Treg,0,0,0,0,0,0,0,1,1,1,1,1,1,1,1,1,1,0,1,0,1,0,1,1,0,0,0,1,0,1,0,0,0
Celiac_disease,rs864537,rs1723022,chr1,167405418,0.0554,none,CD247,none,NA,CD25+_CD127-_Treg,0,0,0,0,0,0,0,1,1,1,1,1,1,1,1,1,1,0,0,0,0,0,1,0,0,0,0,0,0,0,0,0,0
Celiac_disease,rs864537,rs2462552,chr1,167408306,0.0457,none,CD247,none,NA,CD25-_CD45RA+_naive,1,1,1,1,0,1,1,1,1,1,1,1,1,1,1,1,1,0,1,1,1,0,1,0,0,0,0,1,0,0,0,0,0
Celiac_disease,rs6806528-A,rs6806528,chr3,69252899,0.0897,none,FRMD4B,none,NA,CD25-_IL17+_Th17_stim,1,1,1,1,1,1,1,0,1,1,1,1,1,1,1,1,0,1,1,1,1,1,0,1,1,1,1,1,1,1,1,0,0
Celiac_disease,rs6806528-A,rs35015421,chr3,69252003,0.0551,none,FRMD4B,none,NA,none,0,0,0,0,0,0,0,0,0,0,0,0,0,0,0,0,0,0,0,0,0,0,0,0,0,0,0,0,0,0,0,0,0
Celiac_disease,rs6806528-A,rs6772387,chr3,69252261,0.0551,none,FRMD4B,none,NA,none,0,0,0,0,0,0,0,0,0,0,0,0,0,0,0,0,0,0,0,0,0,0,0,0,0,0,0,0,0,0,0,0,0
Celiac_disease,rs6806528-A,rs6781739,chr3,69253021,0.0551,none,FRMD4B,none,NA,CD25-_IL17+_Th17_stim,1,1,1,1,1,1,1,0,1,1,1,1,1,1,1,1,0,1,1,1,1,1,0,1,1,1,1,1,1,1,1,0,0
Celiac_disease,rs6806528-A,rs6776027,chr3,69253455,0.0551,none,FRMD4B,none,NA,CD25-_IL17+_Th17_stim,1,1,1,1,1,1,1,0,1,1,1,1,1,1,1,0,0,0,0,1,0,0,0,1,0,1,0,1,1,1,0,0,0
Celiac_disease,rs6806528-A,rs6784841,chr3,69253632,0.0551,none,FRMD4B,none,NA,CD25-_IL17+_Th17_stim,1,1,1,1,1,1,1,0,1,1,1,1,1,1,1,0,0,0,0,1,0,0,0,1,0,1,0,1,1,1,0,0,0
Celiac_disease,rs6806528-A,rs6776243,chr3,69253656,0.0551,none,FRMD4B,none,NA,CD25-_IL17+_Th17_stim,1,1,1,1,1,1,1,0,1,1,1,1,1,1,1,0,0,0,0,1,0,0,0,1,0,1,0,1,1,1,0,0,0
Celiac_disease,rs6806528-A,rs6785253,chr3,69254053,0.0551,none,FRMD4B,none,NA,CD25-_IL17+_Th17_stim,1,1,1,1,1,1,1,0,1,1,1,1,1,1,1,0,0,0,0,1,0,0,0,1,0,1,0,1,1,1,0,0,0
Celiac_disease,rs6806528-A,rs4075188,chr3,69254120,0.0551,none,FRMD4B,none,NA,CD25-_IL17+_Th17_stim,1,1,1,1,1,1,1,0,1,1,1,1,1,1,1,0,0,0,0,1,0,0,0,1,0,1,0,1,1,1,0,0,0
Celiac_disease,rs6806528-A,rs6782869,chr3,69255311,0.0551,none,FRMD4B,none,NA,CD25-_IL17+_Th17_stim,1,1,1,1,1,1,1,0,1,1,1,1,1,1,1,0,1,1,1,1,1,1,0,1,1,0,0,1,1,1,0,0,0
Celiac_disease,rs6806528-A,rs6781505,chr3,69252824,0.0383,none,FRMD4B,none,NA,CD25-_IL17+_Th17_stim,1,1,1,1,1,1,1,0,1,1,1,1,1,1,1,1,0,1,1,1,1,1,0,1,1,1,1,1,1,1,1,0,0
Celiac_disease,rs6806528-A,rs35461234,chr3,69256698,0.0383,none,FRMD4B,none,NA,Th1,1,0,0,0,1,1,1,0,1,1,1,1,1,1,1,0,0,1,0,1,1,1,0,0,1,0,0,1,1,1,0,0,0
Celiac_disease,rs6806528-A,rs34263064,chr3,69259014,0.038,none,FRMD4B,none,NA,none,0,0,0,0,0,0,0,0,0,0,0,0,0,0,0,0,0,0,0,0,0,0,0,0,0,0,0,0,0,0,0,0,0
Celiac_disease,rs6806528-A,rs34216530,chr3,69259239,0.038,none,FRMD4B,none,NA,none,0,0,0,0,0,0,0,0,0,0,0,0,0,0,0,0,0,0,0,0,0,0,0,0,0,0,0,0,0,0,0,0,0
Celiac_disease,rs10936599-A,rs10936599,chr3,169492101,0.0595,synonymous,MYNN,none,NA,CD25-_CD45RO+_mem,0,1,1,1,1,1,1,1,1,1,1,1,1,1,1,1,1,1,1,1,1,1,1,1,1,1,1,1,1,1,1,1,1
Celiac_disease,rs10936599-A,rs3950296,chr3,169493283,0.0595,none,MYNN,none,NA,none,0,0,0,0,0,0,0,0,0,0,0,0,0,0,0,0,0,0,0,0,0,0,0,0,0,0,0,0,0,0,0,0,0
Celiac_disease,rs10936599-A,rs1317082,chr3,169497585,0.0595,none,MYNN,none,NA,none,0,0,0,0,0,0,0,0,0,0,0,0,0,0,0,0,0,0,0,0,0,0,0,0,0,0,0,0,0,0,0,0,0
Celiac_disease,rs10936599-A,rs3772190,chr3,169500487,0.0595,none,MYNN,none,NA,none,0,0,0,0,0,0,0,0,0,0,0,0,0,0,0,0,0,0,0,0,0,0,0,0,0,0,0,0,0,0,0,0,0
Celiac_disease,rs10936599-A,rs13069553,chr3,169508272,0.0595,none,none,none,NA,none,0,0,0,0,0,0,0,0,0,0,0,0,0,0,0,0,0,0,0,0,0,0,0,0,0,0,0,0,0,0,0,0,0
Celiac_disease,rs10936599-A,rs10936600,chr3,169514585,0.0595,missense,LRRC34,none,NA,none,0,0,0,0,0,0,0,0,0,0,0,0,0,0,0,0,0,0,0,0,0,0,0,0,0,0,0,0,0,0,0,0,0
Celiac_disease,rs10936599-A,rs71882452,chr3,169522390,0.0595,none,LRRC34,none,NA,none,0,0,0,0,0,0,0,0,0,0,0,0,0,0,0,0,0,0,0,0,0,0,0,0,0,0,0,0,0,0,0,0,0
Celiac_disease,rs10936599-A,rs11711621,chr3,169524016,0.0595,none,LRRC34,none,NA,none,0,0,0,0,0,0,0,0,0,0,0,0,0,0,0,0,0,0,0,0,0,0,0,0,0,0,0,0,0,0,0,0,0
Celiac_disease,rs10936599-A,rs3796145,chr3,169524862,0.0595,none,LRRC34,none,NA,none,0,0,0,0,0,0,0,0,0,0,0,0,0,0,0,0,0,0,0,0,0,0,0,0,0,0,0,0,0,0,0,0,0
Celiac_disease,rs10936599-A,rs28626343,chr3,169526272,0.0595,none,LRRC34,none,NA,none,0,0,0,0,0,0,0,0,0,0,0,0,0,0,0,0,0,0,0,0,0,0,0,0,0,0,0,0,0,0,0,0,0
Celiac_disease,rs10936599-A,rs72589854,chr3,169492016,0.0417,none,MYNN,none,NA,CD25-_CD45RO+_mem,0,1,1,1,1,1,1,1,1,1,1,1,1,1,1,1,1,1,1,1,1,1,1,1,1,1,1,1,1,1,1,1,1
Celiac_disease,rs10936599-A,rs7621631,chr3,169512145,0.0319,none,LRRC34,none,NA,none,0,0,0,0,0,0,0,0,0,0,0,0,0,0,0,0,0,0,0,0,0,0,0,0,0,0,0,0,0,0,0,0,0
Celiac_disease,rs10936599-A,rs7643115,chr3,169512241,0.0318,none,LRRC34,none,NA,none,0,0,0,0,0,0,0,0,0,0,0,0,0,0,0,0,0,0,0,0,0,0,0,0,0,0,0,0,0,0,0,0,0
